frame,predictions_json
0,[]
1,[]
2,[]
3,[]
4,[]
5,[]
6,[]
7,[]
8,[]
9,[]
10,[]
11,[]
12,[]
13,[]
14,[]
15,[]
16,[]
17,[]
18,[]
19,[]
20,[]
21,[]
22,[]
23,[]
24,[]
25,[]
26,[]
27,[]
28,[]
29,[]
30,[]
31,[]
32,[]
33,[]
34,[]
35,[]
36,[]
37,[]
38,[]
39,[]
40,[]
41,[]
42,[]
43,[]
44,[]
45,[]
46,[]
47,[]
48,[]
49,[]
50,[]
51,[]
52,[]
53,[]
54,[]
55,[]
56,[]
57,[]
58,[]
59,[]
60,[]
61,[]
62,[]
63,[]
64,[]
65,[]
66,[]
67,[]
68,[]
69,[]
70,[]
71,[]
72,[]
73,[]
74,[]
75,[]
76,[]
77,[]
78,[]
79,[]
80,[]
81,[]
82,[]
83,[]
84,[]
85,[]
86,[]
87,[]
88,[]
89,[]
90,[]
91,[]
92,[]
93,[]
94,[]
95,[]
96,[]
97,[]
98,[]
99,[]
100,[]
101,[]
102,[]
103,[]
104,[]
105,[]
106,[]
107,[]
108,[]
109,[]
110,[]
111,[]
112,[]
113,[]
114,[]
115,[]
116,[]
117,[]
118,[]
119,[]
120,[]
121,[]
122,[]
123,[]
124,[]
125,[]
126,[]
127,[]
128,[]
129,[]
130,[]
131,[]
132,[]
133,[]
134,[]
135,[]
136,[]
137,[]
138,[]
139,[]
140,[]
141,[]
142,[]
143,[]
144,[]
145,[]
146,[]
147,[]
148,[]
149,[]
150,[]
151,[]
152,[]
153,[]
154,[]
155,[]
156,[]
157,[]
158,[]
159,[]
160,[]
161,[]
162,[]
163,[]
164,[]
165,[]
166,[]
167,[]
168,[]
169,[]
170,[]
171,[]
172,[]
173,[]
174,[]
175,[]
176,[]
177,[]
178,[]
179,[]
180,[]
181,[]
182,[]
183,[]
184,[]
185,[]
186,[]
187,[]
188,[]
189,[]
190,[]
191,[]
192,[]
193,[]
194,[]
195,[]
196,[]
197,[]
198,[]
199,[]
200,[]
201,[]
202,[]
203,[]
204,[]
205,[]
206,[]
207,[]
208,[]
209,[]
210,[]
211,[]
212,[]
213,[]
214,[]
215,[]
216,[]
217,[]
218,[]
219,[]
220,[]
221,[]
222,[]
223,[]
224,[]
225,[]
226,[]
227,[]
228,[]
229,[]
230,[]
231,[]
232,[]
233,[]
234,[]
235,[]
236,[]
237,[]
238,[]
239,[]
240,[]
241,[]
242,[]
243,[]
244,[]
245,[]
246,[]
247,[]
248,[]
249,[]
250,[]
251,[]
252,[]
253,[]
254,[]
255,[]
256,[]
257,[]
258,[]
259,[]
260,[]
261,[]
262,[]
263,[]
264,[]
265,[]
266,[]
267,[]
268,[]
269,[]
270,[]
271,[]
272,[]
273,[]
274,[]
275,[]
276,[]
277,[]
278,[]
279,[]
280,[]
281,[]
282,[]
283,[]
284,[]
285,[]
286,[]
287,[]
288,[]
289,[]
290,[]
291,[]
292,[]
293,[]
294,[]
295,[]
296,[]
297,[]
298,[]
299,[]
300,[]
301,[]
302,[]
303,[]
304,[]
305,[]
306,[]
307,[]
308,[]
309,[]
310,[]
311,[]
312,[]
313,[]
314,[]
315,[]
316,[]
317,[]
318,[]
319,[]
320,[]
321,[]
322,[]
323,[]
324,[]
325,[]
326,[]
327,[]
328,[]
329,[]
330,[]
331,[]
332,[]
333,[]
334,[]
335,[]
336,[]
337,[]
338,[]
339,[]
340,[]
341,[]
342,[]
343,[]
344,[]
345,[]
346,[]
347,[]
348,[]
349,[]
350,[]
351,[]
352,[]
353,[]
354,[]
355,[]
356,[]
357,[]
358,[]
359,[]
360,[]
361,[]
362,[]
363,[]
364,[]
365,[]
366,[]
367,[]
368,[]
369,[]
370,[]
371,[]
372,[]
373,[]
374,[]
375,[]
376,[]
377,[]
378,[]
379,[]
380,[]
381,[]
382,[]
383,[]
384,[]
385,[]
386,[]
387,[]
388,[]
389,[]
390,[]
391,[]
392,[]
393,[]
394,[]
395,[]
396,[]
397,[]
398,[]
399,[]
400,[]
401,[]
402,[]
403,[]
404,[]
405,[]
406,[]
407,[]
408,[]
409,[]
410,[]
411,[]
412,[]
413,[]
414,[]
415,[]
416,[]
417,[]
418,[]
419,[]
420,[]
421,"[{""class_id"": 1, ""class_name"": ""Pedestrian"", ""track_id"": ""3"", ""confidence"": 0.716309, ""bbox"": [209, 82, 223, 118]}]"
422,"[{""class_id"": 1, ""class_name"": ""Pedestrian"", ""track_id"": ""3"", ""confidence"": 0.688965, ""bbox"": [208, 82, 223, 121]}]"
423,"[{""class_id"": 1, ""class_name"": ""Pedestrian"", ""track_id"": ""3"", ""confidence"": null, ""bbox"": [208, 83, 223, 121]}]"
424,"[{""class_id"": 1, ""class_name"": ""Pedestrian"", ""track_id"": ""3"", ""confidence"": null, ""bbox"": [208, 83, 223, 121]}]"
425,"[{""class_id"": 1, ""class_name"": ""Pedestrian"", ""track_id"": ""3"", ""confidence"": 0.666504, ""bbox"": [209, 85, 223, 123]}]"
426,"[{""class_id"": 1, ""class_name"": ""Pedestrian"", ""track_id"": ""3"", ""confidence"": null, ""bbox"": [209, 86, 223, 124]}]"
427,"[{""class_id"": 1, ""class_name"": ""Pedestrian"", ""track_id"": ""3"", ""confidence"": 0.686035, ""bbox"": [209, 87, 223, 125]}]"
428,"[{""class_id"": 1, ""class_name"": ""Pedestrian"", ""track_id"": ""3"", ""confidence"": 0.708496, ""bbox"": [208, 86, 224, 128]}]"
429,"[{""class_id"": 1, ""class_name"": ""Pedestrian"", ""track_id"": ""3"", ""confidence"": 0.693848, ""bbox"": [208, 87, 224, 129]}]"
430,"[{""class_id"": 1, ""class_name"": ""Pedestrian"", ""track_id"": ""3"", ""confidence"": 0.699219, ""bbox"": [208, 87, 224, 129]}]"
431,"[{""class_id"": 1, ""class_name"": ""Pedestrian"", ""track_id"": ""3"", ""confidence"": 0.712891, ""bbox"": [209, 88, 224, 129]}]"
432,"[{""class_id"": 1, ""class_name"": ""Pedestrian"", ""track_id"": ""3"", ""confidence"": 0.685059, ""bbox"": [209, 88, 224, 130]}]"
433,"[{""class_id"": 1, ""class_name"": ""Pedestrian"", ""track_id"": ""3"", ""confidence"": 0.696289, ""bbox"": [208, 90, 223, 132]}]"
434,"[{""class_id"": 1, ""class_name"": ""Pedestrian"", ""track_id"": ""3"", ""confidence"": 0.738281, ""bbox"": [208, 91, 224, 133]}]"
435,"[{""class_id"": 1, ""class_name"": ""Pedestrian"", ""track_id"": ""3"", ""confidence"": 0.735352, ""bbox"": [208, 91, 224, 134]}]"
436,"[{""class_id"": 1, ""class_name"": ""Pedestrian"", ""track_id"": ""3"", ""confidence"": 0.733887, ""bbox"": [209, 91, 223, 134]}]"
437,"[{""class_id"": 1, ""class_name"": ""Pedestrian"", ""track_id"": ""3"", ""confidence"": 0.726074, ""bbox"": [209, 92, 224, 135]}]"
438,"[{""class_id"": 1, ""class_name"": ""Pedestrian"", ""track_id"": ""3"", ""confidence"": 0.724609, ""bbox"": [209, 93, 224, 137]}]"
439,"[{""class_id"": 1, ""class_name"": ""Pedestrian"", ""track_id"": ""3"", ""confidence"": 0.746094, ""bbox"": [209, 94, 224, 139]}]"
440,"[{""class_id"": 1, ""class_name"": ""Pedestrian"", ""track_id"": ""3"", ""confidence"": 0.760254, ""bbox"": [209, 95, 224, 140]}]"
441,"[{""class_id"": 1, ""class_name"": ""Pedestrian"", ""track_id"": ""3"", ""confidence"": 0.764648, ""bbox"": [209, 96, 224, 140]}]"
442,"[{""class_id"": 1, ""class_name"": ""Pedestrian"", ""track_id"": ""3"", ""confidence"": 0.760742, ""bbox"": [209, 96, 224, 140]}]"
443,"[{""class_id"": 1, ""class_name"": ""Pedestrian"", ""track_id"": ""3"", ""confidence"": 0.76416, ""bbox"": [208, 96, 224, 143]}]"
444,"[{""class_id"": 1, ""class_name"": ""Pedestrian"", ""track_id"": ""3"", ""confidence"": 0.767578, ""bbox"": [208, 97, 224, 144]}]"
445,"[{""class_id"": 1, ""class_name"": ""Pedestrian"", ""track_id"": ""3"", ""confidence"": 0.763184, ""bbox"": [208, 97, 223, 145]}]"
446,"[{""class_id"": 1, ""class_name"": ""Pedestrian"", ""track_id"": ""3"", ""confidence"": 0.763672, ""bbox"": [207, 98, 222, 145]}]"
447,"[{""class_id"": 1, ""class_name"": ""Pedestrian"", ""track_id"": ""3"", ""confidence"": 0.745605, ""bbox"": [208, 99, 223, 146]}]"
448,"[{""class_id"": 1, ""class_name"": ""Pedestrian"", ""track_id"": ""3"", ""confidence"": 0.720703, ""bbox"": [207, 100, 222, 147]}]"
449,"[{""class_id"": 1, ""class_name"": ""Pedestrian"", ""track_id"": ""3"", ""confidence"": 0.727539, ""bbox"": [207, 101, 223, 150]}]"
450,"[{""class_id"": 1, ""class_name"": ""Pedestrian"", ""track_id"": ""3"", ""confidence"": 0.692383, ""bbox"": [207, 104, 222, 151]}]"
451,"[{""class_id"": 1, ""class_name"": ""Pedestrian"", ""track_id"": ""3"", ""confidence"": 0.717773, ""bbox"": [206, 105, 221, 152]}]"
452,"[{""class_id"": 1, ""class_name"": ""Pedestrian"", ""track_id"": ""3"", ""confidence"": 0.733398, ""bbox"": [205, 104, 221, 152]}]"
453,"[{""class_id"": 1, ""class_name"": ""Pedestrian"", ""track_id"": ""3"", ""confidence"": 0.733887, ""bbox"": [205, 105, 220, 153]}]"
454,"[{""class_id"": 1, ""class_name"": ""Pedestrian"", ""track_id"": ""3"", ""confidence"": 0.731445, ""bbox"": [204, 107, 220, 156]}]"
455,"[{""class_id"": 1, ""class_name"": ""Pedestrian"", ""track_id"": ""3"", ""confidence"": 0.728516, ""bbox"": [203, 109, 219, 158]}]"
456,"[{""class_id"": 1, ""class_name"": ""Pedestrian"", ""track_id"": ""3"", ""confidence"": 0.726074, ""bbox"": [202, 110, 218, 159]}]"
457,"[{""class_id"": 1, ""class_name"": ""Pedestrian"", ""track_id"": ""3"", ""confidence"": 0.733398, ""bbox"": [201, 111, 218, 159]}]"
458,"[{""class_id"": 1, ""class_name"": ""Pedestrian"", ""track_id"": ""3"", ""confidence"": 0.705078, ""bbox"": [201, 111, 218, 160]}]"
459,"[{""class_id"": 1, ""class_name"": ""Pedestrian"", ""track_id"": ""3"", ""confidence"": null, ""bbox"": [201, 112, 218, 161]}]"
460,"[{""class_id"": 1, ""class_name"": ""Pedestrian"", ""track_id"": ""3"", ""confidence"": null, ""bbox"": [201, 113, 217, 162]}]"
461,"[{""class_id"": 1, ""class_name"": ""Pedestrian"", ""track_id"": ""3"", ""confidence"": 0.650879, ""bbox"": [200, 114, 218, 165]}]"
462,"[{""class_id"": 1, ""class_name"": ""Pedestrian"", ""track_id"": ""3"", ""confidence"": 0.69043, ""bbox"": [200, 114, 218, 166]}]"
463,"[{""class_id"": 1, ""class_name"": ""Pedestrian"", ""track_id"": ""3"", ""confidence"": 0.691406, ""bbox"": [200, 114, 218, 167]}]"
464,"[{""class_id"": 1, ""class_name"": ""Pedestrian"", ""track_id"": ""3"", ""confidence"": 0.753906, ""bbox"": [199, 115, 218, 170]}]"
465,"[{""class_id"": 1, ""class_name"": ""Pedestrian"", ""track_id"": ""3"", ""confidence"": 0.768555, ""bbox"": [198, 118, 218, 172]}]"
466,"[{""class_id"": 1, ""class_name"": ""Pedestrian"", ""track_id"": ""3"", ""confidence"": 0.76709, ""bbox"": [198, 119, 218, 173]}]"
467,"[{""class_id"": 1, ""class_name"": ""Pedestrian"", ""track_id"": ""3"", ""confidence"": 0.76416, ""bbox"": [197, 120, 217, 174]}]"
468,"[{""class_id"": 1, ""class_name"": ""Pedestrian"", ""track_id"": ""3"", ""confidence"": 0.76709, ""bbox"": [197, 121, 217, 174]}]"
469,"[{""class_id"": 1, ""class_name"": ""Pedestrian"", ""track_id"": ""3"", ""confidence"": 0.78125, ""bbox"": [196, 121, 217, 177]}]"
470,"[{""class_id"": 1, ""class_name"": ""Pedestrian"", ""track_id"": ""3"", ""confidence"": 0.783691, ""bbox"": [197, 124, 218, 181]}]"
471,"[{""class_id"": 1, ""class_name"": ""Pedestrian"", ""track_id"": ""3"", ""confidence"": 0.79248, ""bbox"": [196, 124, 218, 182]}]"
472,"[{""class_id"": 1, ""class_name"": ""Pedestrian"", ""track_id"": ""3"", ""confidence"": 0.783691, ""bbox"": [195, 124, 218, 183]}]"
473,"[{""class_id"": 1, ""class_name"": ""Pedestrian"", ""track_id"": ""3"", ""confidence"": 0.777344, ""bbox"": [197, 127, 218, 183]}]"
474,"[{""class_id"": 1, ""class_name"": ""Pedestrian"", ""track_id"": ""3"", ""confidence"": 0.780762, ""bbox"": [195, 126, 218, 187]}]"
475,"[{""class_id"": 1, ""class_name"": ""Pedestrian"", ""track_id"": ""3"", ""confidence"": 0.768555, ""bbox"": [195, 128, 217, 188]}]"
476,"[{""class_id"": 1, ""class_name"": ""Pedestrian"", ""track_id"": ""3"", ""confidence"": 0.785645, ""bbox"": [194, 129, 218, 192]}]"
477,"[{""class_id"": 1, ""class_name"": ""Pedestrian"", ""track_id"": ""3"", ""confidence"": 0.790527, ""bbox"": [193, 131, 217, 194]}]"
478,"[{""class_id"": 1, ""class_name"": ""Pedestrian"", ""track_id"": ""3"", ""confidence"": 0.79541, ""bbox"": [192, 132, 216, 194]}]"
479,"[{""class_id"": 1, ""class_name"": ""Pedestrian"", ""track_id"": ""3"", ""confidence"": 0.783203, ""bbox"": [192, 134, 215, 195]}]"
480,"[{""class_id"": 1, ""class_name"": ""Pedestrian"", ""track_id"": ""3"", ""confidence"": 0.791992, ""bbox"": [192, 137, 216, 200]}]"
481,"[{""class_id"": 1, ""class_name"": ""Pedestrian"", ""track_id"": ""3"", ""confidence"": 0.808594, ""bbox"": [191, 137, 216, 202]}]"
482,"[{""class_id"": 1, ""class_name"": ""Pedestrian"", ""track_id"": ""3"", ""confidence"": 0.796875, ""bbox"": [190, 138, 216, 204]}]"
483,"[{""class_id"": 1, ""class_name"": ""Pedestrian"", ""track_id"": ""3"", ""confidence"": 0.80127, ""bbox"": [190, 141, 215, 206]}]"
484,"[{""class_id"": 1, ""class_name"": ""Pedestrian"", ""track_id"": ""3"", ""confidence"": 0.799316, ""bbox"": [190, 142, 214, 206]}]"
485,"[{""class_id"": 1, ""class_name"": ""Pedestrian"", ""track_id"": ""3"", ""confidence"": 0.799316, ""bbox"": [189, 144, 215, 211]}]"
486,"[{""class_id"": 1, ""class_name"": ""Pedestrian"", ""track_id"": ""3"", ""confidence"": 0.804199, ""bbox"": [189, 146, 215, 215]}]"
487,"[{""class_id"": 1, ""class_name"": ""Pedestrian"", ""track_id"": ""3"", ""confidence"": 0.808594, ""bbox"": [189, 149, 214, 218]}]"
488,"[{""class_id"": 1, ""class_name"": ""Pedestrian"", ""track_id"": ""3"", ""confidence"": 0.811523, ""bbox"": [188, 150, 214, 218]}]"
489,"[{""class_id"": 1, ""class_name"": ""Pedestrian"", ""track_id"": ""3"", ""confidence"": 0.807129, ""bbox"": [189, 152, 214, 219]}]"
490,"[{""class_id"": 1, ""class_name"": ""Pedestrian"", ""track_id"": ""3"", ""confidence"": 0.813965, ""bbox"": [189, 154, 214, 223]}]"
491,"[{""class_id"": 1, ""class_name"": ""Pedestrian"", ""track_id"": ""3"", ""confidence"": 0.814941, ""bbox"": [188, 157, 215, 228]}]"
492,"[{""class_id"": 1, ""class_name"": ""Pedestrian"", ""track_id"": ""3"", ""confidence"": 0.813477, ""bbox"": [188, 160, 215, 232]}]"
493,"[{""class_id"": 1, ""class_name"": ""Pedestrian"", ""track_id"": ""3"", ""confidence"": 0.811523, ""bbox"": [188, 162, 215, 233]}]"
494,"[{""class_id"": 1, ""class_name"": ""Pedestrian"", ""track_id"": ""3"", ""confidence"": 0.812012, ""bbox"": [188, 163, 214, 234]}]"
495,"[{""class_id"": 1, ""class_name"": ""Pedestrian"", ""track_id"": ""3"", ""confidence"": 0.816406, ""bbox"": [187, 164, 214, 238]}]"
496,"[{""class_id"": 1, ""class_name"": ""Pedestrian"", ""track_id"": ""3"", ""confidence"": 0.817871, ""bbox"": [185, 167, 213, 243]}]"
497,"[{""class_id"": 1, ""class_name"": ""Pedestrian"", ""track_id"": ""3"", ""confidence"": 0.817383, ""bbox"": [185, 171, 213, 247]}]"
498,"[{""class_id"": 1, ""class_name"": ""Pedestrian"", ""track_id"": ""3"", ""confidence"": 0.820801, ""bbox"": [184, 174, 211, 248]}]"
499,"[{""class_id"": 1, ""class_name"": ""Pedestrian"", ""track_id"": ""3"", ""confidence"": 0.825684, ""bbox"": [183, 176, 210, 249]}]"
500,"[{""class_id"": 1, ""class_name"": ""Pedestrian"", ""track_id"": ""3"", ""confidence"": 0.827637, ""bbox"": [183, 178, 210, 254]}]"
501,"[{""class_id"": 1, ""class_name"": ""Pedestrian"", ""track_id"": ""3"", ""confidence"": 0.82666, ""bbox"": [181, 181, 210, 261]}]"
502,"[{""class_id"": 1, ""class_name"": ""Pedestrian"", ""track_id"": ""3"", ""confidence"": 0.827637, ""bbox"": [181, 185, 210, 266]}]"
503,"[{""class_id"": 1, ""class_name"": ""Pedestrian"", ""track_id"": ""3"", ""confidence"": 0.82959, ""bbox"": [181, 188, 209, 268]}]"
504,"[{""class_id"": 1, ""class_name"": ""Pedestrian"", ""track_id"": ""3"", ""confidence"": 0.82666, ""bbox"": [181, 190, 209, 268]}]"
505,"[{""class_id"": 1, ""class_name"": ""Pedestrian"", ""track_id"": ""3"", ""confidence"": 0.827637, ""bbox"": [180, 192, 208, 273]}]"
506,"[{""class_id"": 1, ""class_name"": ""Pedestrian"", ""track_id"": ""3"", ""confidence"": 0.831055, ""bbox"": [179, 197, 207, 278]}]"
507,"[{""class_id"": 1, ""class_name"": ""Pedestrian"", ""track_id"": ""3"", ""confidence"": 0.829102, ""bbox"": [178, 201, 207, 285]}]"
508,"[{""class_id"": 1, ""class_name"": ""Pedestrian"", ""track_id"": ""3"", ""confidence"": 0.820801, ""bbox"": [176, 204, 205, 287]}]"
509,"[{""class_id"": 1, ""class_name"": ""Pedestrian"", ""track_id"": ""3"", ""confidence"": 0.827637, ""bbox"": [175, 207, 204, 289]}]"
510,"[{""class_id"": 1, ""class_name"": ""Pedestrian"", ""track_id"": ""3"", ""confidence"": 0.829102, ""bbox"": [174, 209, 203, 290]}]"
511,"[{""class_id"": 1, ""class_name"": ""Pedestrian"", ""track_id"": ""3"", ""confidence"": 0.818359, ""bbox"": [173, 212, 204, 301]}]"
512,"[{""class_id"": 1, ""class_name"": ""Pedestrian"", ""track_id"": ""3"", ""confidence"": 0.812988, ""bbox"": [172, 217, 203, 308]}]"
513,"[{""class_id"": 1, ""class_name"": ""Pedestrian"", ""track_id"": ""3"", ""confidence"": 0.818848, ""bbox"": [171, 222, 202, 312]}]"
514,"[{""class_id"": 1, ""class_name"": ""Pedestrian"", ""track_id"": ""3"", ""confidence"": 0.823242, ""bbox"": [170, 225, 201, 314]}]"
515,"[{""class_id"": 1, ""class_name"": ""Pedestrian"", ""track_id"": ""3"", ""confidence"": 0.827148, ""bbox"": [169, 228, 200, 314]}]"
516,"[{""class_id"": 1, ""class_name"": ""Pedestrian"", ""track_id"": ""3"", ""confidence"": 0.823242, ""bbox"": [168, 233, 199, 322]}]"
517,"[{""class_id"": 1, ""class_name"": ""Pedestrian"", ""track_id"": ""3"", ""confidence"": 0.824219, ""bbox"": [166, 239, 199, 332]}]"
518,"[{""class_id"": 1, ""class_name"": ""Pedestrian"", ""track_id"": ""3"", ""confidence"": 0.833008, ""bbox"": [165, 244, 197, 337]}]"
519,"[{""class_id"": 1, ""class_name"": ""Pedestrian"", ""track_id"": ""3"", ""confidence"": 0.834473, ""bbox"": [164, 249, 196, 339]}]"
520,"[{""class_id"": 1, ""class_name"": ""Pedestrian"", ""track_id"": ""3"", ""confidence"": 0.833496, ""bbox"": [163, 253, 194, 340]}]"
521,"[{""class_id"": 1, ""class_name"": ""Pedestrian"", ""track_id"": ""3"", ""confidence"": 0.833008, ""bbox"": [162, 258, 194, 348]}]"
522,"[{""class_id"": 1, ""class_name"": ""Pedestrian"", ""track_id"": ""3"", ""confidence"": 0.825195, ""bbox"": [159, 264, 194, 358]}]"
523,"[{""class_id"": 1, ""class_name"": ""Pedestrian"", ""track_id"": ""3"", ""confidence"": 0.82666, ""bbox"": [158, 270, 194, 367]}]"
524,"[{""class_id"": 1, ""class_name"": ""Pedestrian"", ""track_id"": ""3"", ""confidence"": 0.82959, ""bbox"": [158, 275, 193, 371]}]"
525,"[{""class_id"": 1, ""class_name"": ""Pedestrian"", ""track_id"": ""3"", ""confidence"": 0.824219, ""bbox"": [156, 278, 192, 373]}]"
526,"[{""class_id"": 1, ""class_name"": ""Pedestrian"", ""track_id"": ""3"", ""confidence"": 0.828613, ""bbox"": [155, 284, 190, 378]}]"
527,"[{""class_id"": 1, ""class_name"": ""Pedestrian"", ""track_id"": ""3"", ""confidence"": 0.823242, ""bbox"": [153, 290, 191, 391]}]"
528,"[{""class_id"": 1, ""class_name"": ""Pedestrian"", ""track_id"": ""3"", ""confidence"": 0.820312, ""bbox"": [152, 298, 191, 401]}]"
529,"[{""class_id"": 1, ""class_name"": ""Pedestrian"", ""track_id"": ""3"", ""confidence"": 0.822754, ""bbox"": [150, 305, 189, 407]}]"
530,"[{""class_id"": 1, ""class_name"": ""Pedestrian"", ""track_id"": ""3"", ""confidence"": 0.828613, ""bbox"": [150, 312, 187, 408]}]"
531,"[{""class_id"": 1, ""class_name"": ""Pedestrian"", ""track_id"": ""3"", ""confidence"": 0.839355, ""bbox"": [149, 319, 186, 412]}]"
532,"[{""class_id"": 1, ""class_name"": ""Pedestrian"", ""track_id"": ""3"", ""confidence"": 0.847168, ""bbox"": [147, 327, 188, 429]}]"
533,"[{""class_id"": 1, ""class_name"": ""Pedestrian"", ""track_id"": ""3"", ""confidence"": 0.839844, ""bbox"": [147, 337, 189, 442]}]"
534,"[{""class_id"": 1, ""class_name"": ""Pedestrian"", ""track_id"": ""3"", ""confidence"": 0.839844, ""bbox"": [147, 345, 189, 448]}]"
535,"[{""class_id"": 1, ""class_name"": ""Pedestrian"", ""track_id"": ""3"", ""confidence"": 0.833008, ""bbox"": [147, 354, 187, 452]}]"
536,"[{""class_id"": 1, ""class_name"": ""Pedestrian"", ""track_id"": ""3"", ""confidence"": 0.824707, ""bbox"": [147, 362, 185, 452]}]"
537,"[{""class_id"": 1, ""class_name"": ""Pedestrian"", ""track_id"": ""3"", ""confidence"": 0.819824, ""bbox"": [143, 371, 185, 470]}]"
538,"[{""class_id"": 1, ""class_name"": ""Pedestrian"", ""track_id"": ""3"", ""confidence"": 0.814941, ""bbox"": [143, 381, 185, 478]}]"
539,"[{""class_id"": 1, ""class_name"": ""Pedestrian"", ""track_id"": ""3"", ""confidence"": 0.813965, ""bbox"": [144, 393, 183, 480]}]"
540,"[{""class_id"": 1, ""class_name"": ""Pedestrian"", ""track_id"": ""3"", ""confidence"": 0.830078, ""bbox"": [144, 402, 181, 481]}]"
541,"[{""class_id"": 1, ""class_name"": ""Pedestrian"", ""track_id"": ""3"", ""confidence"": null, ""bbox"": [144, 410, 180, 487]}]"
542,"[{""class_id"": 1, ""class_name"": ""Pedestrian"", ""track_id"": ""3"", ""confidence"": null, ""bbox"": [143, 418, 179, 493]}]"
543,"[{""class_id"": 1, ""class_name"": ""Pedestrian"", ""track_id"": ""3"", ""confidence"": null, ""bbox"": [143, 426, 177, 499]}]"
544,"[{""class_id"": 1, ""class_name"": ""Pedestrian"", ""track_id"": ""3"", ""confidence"": null, ""bbox"": [143, 434, 176, 506]}]"
545,"[{""class_id"": 1, ""class_name"": ""Pedestrian"", ""track_id"": ""3"", ""confidence"": null, ""bbox"": [142, 442, 175, 512]}]"
546,"[{""class_id"": 1, ""class_name"": ""Pedestrian"", ""track_id"": ""3"", ""confidence"": null, ""bbox"": [142, 450, 174, 518]}]"
547,"[{""class_id"": 1, ""class_name"": ""Pedestrian"", ""track_id"": ""3"", ""confidence"": null, ""bbox"": [142, 458, 172, 524]}]"
548,"[{""class_id"": 1, ""class_name"": ""Pedestrian"", ""track_id"": ""3"", ""confidence"": null, ""bbox"": [141, 466, 171, 531]}]"
549,"[{""class_id"": 1, ""class_name"": ""Pedestrian"", ""track_id"": ""3"", ""confidence"": null, ""bbox"": [141, 474, 170, 537]}]"
550,"[{""class_id"": 1, ""class_name"": ""Pedestrian"", ""track_id"": ""3"", ""confidence"": null, ""bbox"": [140, 483, 169, 543]}]"
551,[]
552,[]
553,[]
554,[]
555,[]
556,[]
557,[]
558,[]
559,[]
560,[]
561,[]
562,[]
563,[]
564,[]
565,[]
566,[]
567,[]
568,[]
569,[]
570,[]
571,[]
572,[]
573,[]
574,[]
575,[]
576,[]
577,[]
578,[]
579,[]
580,[]
581,[]
582,[]
583,[]
584,[]
585,[]
586,[]
587,[]
588,[]
589,[]
590,[]
591,[]
592,[]
593,[]
594,[]
595,[]
596,[]
597,[]
598,[]
599,[]
600,[]
601,[]
602,[]
603,[]
604,[]
605,[]
606,[]
607,[]
608,[]
609,[]
610,[]
611,[]
612,[]
613,[]
614,[]
615,[]
616,[]
617,[]
618,[]
619,[]
620,[]
621,[]
622,[]
623,[]
624,[]
625,[]
626,[]
627,[]
628,[]
629,[]
630,[]
631,[]
632,[]
633,[]
634,[]
635,[]
636,[]
637,[]
638,[]
639,[]
640,[]
641,[]
642,[]
643,[]
644,[]
645,[]
646,[]
647,[]
648,[]
649,[]
650,[]
651,[]
652,[]
653,[]
654,[]
655,[]
656,[]
657,[]
658,"[{""class_id"": 1, ""class_name"": ""Pedestrian"", ""track_id"": ""11"", ""confidence"": 0.754883, ""bbox"": [268, 80, 284, 118]}]"
659,"[{""class_id"": 1, ""class_name"": ""Pedestrian"", ""track_id"": ""11"", ""confidence"": 0.743164, ""bbox"": [267, 79, 283, 117]}]"
660,"[{""class_id"": 1, ""class_name"": ""Pedestrian"", ""track_id"": ""11"", ""confidence"": 0.741699, ""bbox"": [266, 77, 282, 115]}]"
661,"[{""class_id"": 1, ""class_name"": ""Pedestrian"", ""track_id"": ""11"", ""confidence"": 0.731445, ""bbox"": [264, 76, 280, 115]}]"
662,"[{""class_id"": 1, ""class_name"": ""Pedestrian"", ""track_id"": ""11"", ""confidence"": 0.708984, ""bbox"": [263, 76, 279, 115]}]"
663,"[{""class_id"": 1, ""class_name"": ""Pedestrian"", ""track_id"": ""11"", ""confidence"": 0.710449, ""bbox"": [261, 76, 277, 116]}, {""class_id"": 1, ""class_name"": ""Pedestrian"", ""track_id"": ""12"", ""confidence"": 0.712891, ""bbox"": [0, 186, 22, 222]}]"
664,"[{""class_id"": 1, ""class_name"": ""Pedestrian"", ""track_id"": ""11"", ""confidence"": 0.718262, ""bbox"": [259, 76, 275, 116]}, {""class_id"": 1, ""class_name"": ""Pedestrian"", ""track_id"": ""12"", ""confidence"": 0.729004, ""bbox"": [0, 186, 21, 222]}]"
665,"[{""class_id"": 1, ""class_name"": ""Pedestrian"", ""track_id"": ""11"", ""confidence"": null, ""bbox"": [257, 76, 274, 115]}, {""class_id"": 1, ""class_name"": ""Pedestrian"", ""track_id"": ""12"", ""confidence"": 0.728027, ""bbox"": [0, 186, 21, 223]}]"
666,"[{""class_id"": 1, ""class_name"": ""Pedestrian"", ""track_id"": ""11"", ""confidence"": null, ""bbox"": [256, 75, 273, 115]}, {""class_id"": 1, ""class_name"": ""Pedestrian"", ""track_id"": ""12"", ""confidence"": 0.732422, ""bbox"": [0, 187, 21, 222]}, {""class_id"": 1, ""class_name"": ""Pedestrian"", ""track_id"": ""13"", ""confidence"": 0.79834, ""bbox"": [126, 414, 220, 478]}]"
667,"[{""class_id"": 1, ""class_name"": ""Pedestrian"", ""track_id"": ""11"", ""confidence"": null, ""bbox"": [255, 75, 271, 115]}, {""class_id"": 1, ""class_name"": ""Pedestrian"", ""track_id"": ""12"", ""confidence"": 0.707031, ""bbox"": [0, 187, 21, 222]}, {""class_id"": 1, ""class_name"": ""Pedestrian"", ""track_id"": ""13"", ""confidence"": null, ""bbox"": [124, 410, 224, 478]}]"
668,"[{""class_id"": 1, ""class_name"": ""Pedestrian"", ""track_id"": ""11"", ""confidence"": null, ""bbox"": [253, 75, 270, 115]}, {""class_id"": 1, ""class_name"": ""Pedestrian"", ""track_id"": ""12"", ""confidence"": null, ""bbox"": [0, 187, 21, 222]}, {""class_id"": 1, ""class_name"": ""Pedestrian"", ""track_id"": ""13"", ""confidence"": null, ""bbox"": [122, 406, 229, 478]}]"
669,"[{""class_id"": 1, ""class_name"": ""Pedestrian"", ""track_id"": ""11"", ""confidence"": 0.703613, ""bbox"": [251, 75, 266, 113]}, {""class_id"": 1, ""class_name"": ""Pedestrian"", ""track_id"": ""12"", ""confidence"": null, ""bbox"": [0, 187, 21, 222]}, {""class_id"": 1, ""class_name"": ""Pedestrian"", ""track_id"": ""13"", ""confidence"": null, ""bbox"": [120, 402, 233, 478]}]"
670,"[{""class_id"": 1, ""class_name"": ""Pedestrian"", ""track_id"": ""11"", ""confidence"": 0.682129, ""bbox"": [249, 75, 264, 111]}, {""class_id"": 1, ""class_name"": ""Pedestrian"", ""track_id"": ""12"", ""confidence"": null, ""bbox"": [0, 187, 21, 222]}, {""class_id"": 1, ""class_name"": ""Pedestrian"", ""track_id"": ""13"", ""confidence"": null, ""bbox"": [118, 398, 237, 478]}]"
671,"[{""class_id"": 1, ""class_name"": ""Pedestrian"", ""track_id"": ""11"", ""confidence"": 0.65625, ""bbox"": [247, 74, 263, 110]}, {""class_id"": 1, ""class_name"": ""Pedestrian"", ""track_id"": ""12"", ""confidence"": null, ""bbox"": [0, 187, 21, 222]}, {""class_id"": 1, ""class_name"": ""Pedestrian"", ""track_id"": ""13"", ""confidence"": null, ""bbox"": [116, 393, 242, 478]}]"
672,"[{""class_id"": 1, ""class_name"": ""Pedestrian"", ""track_id"": ""11"", ""confidence"": 0.698242, ""bbox"": [246, 73, 262, 109]}, {""class_id"": 1, ""class_name"": ""Pedestrian"", ""track_id"": ""12"", ""confidence"": null, ""bbox"": [0, 187, 20, 222]}, {""class_id"": 1, ""class_name"": ""Pedestrian"", ""track_id"": ""13"", ""confidence"": null, ""bbox"": [114, 389, 246, 478]}]"
673,"[{""class_id"": 1, ""class_name"": ""Pedestrian"", ""track_id"": ""11"", ""confidence"": 0.678223, ""bbox"": [245, 73, 261, 109]}, {""class_id"": 1, ""class_name"": ""Pedestrian"", ""track_id"": ""12"", ""confidence"": null, ""bbox"": [0, 188, 20, 222]}, {""class_id"": 1, ""class_name"": ""Pedestrian"", ""track_id"": ""13"", ""confidence"": null, ""bbox"": [113, 385, 250, 478]}]"
674,"[{""class_id"": 1, ""class_name"": ""Pedestrian"", ""track_id"": ""11"", ""confidence"": null, ""bbox"": [244, 73, 259, 109]}, {""class_id"": 1, ""class_name"": ""Pedestrian"", ""track_id"": ""12"", ""confidence"": null, ""bbox"": [0, 188, 20, 223]}, {""class_id"": 1, ""class_name"": ""Pedestrian"", ""track_id"": ""13"", ""confidence"": null, ""bbox"": [111, 381, 254, 478]}]"
675,"[{""class_id"": 1, ""class_name"": ""Pedestrian"", ""track_id"": ""11"", ""confidence"": 0.654785, ""bbox"": [241, 75, 255, 106]}, {""class_id"": 1, ""class_name"": ""Pedestrian"", ""track_id"": ""12"", ""confidence"": null, ""bbox"": [0, 188, 20, 223]}, {""class_id"": 1, ""class_name"": ""Pedestrian"", ""track_id"": ""13"", ""confidence"": null, ""bbox"": [109, 377, 259, 478]}]"
676,"[{""class_id"": 1, ""class_name"": ""Pedestrian"", ""track_id"": ""11"", ""confidence"": null, ""bbox"": [239, 75, 253, 105]}, {""class_id"": 1, ""class_name"": ""Pedestrian"", ""track_id"": ""12"", ""confidence"": null, ""bbox"": [-1, 188, 20, 223]}, {""class_id"": 1, ""class_name"": ""Pedestrian"", ""track_id"": ""13"", ""confidence"": null, ""bbox"": [107, 373, 263, 478]}]"
677,"[{""class_id"": 1, ""class_name"": ""Pedestrian"", ""track_id"": ""11"", ""confidence"": null, ""bbox"": [238, 75, 252, 104]}, {""class_id"": 1, ""class_name"": ""Pedestrian"", ""track_id"": ""12"", ""confidence"": null, ""bbox"": [-1, 188, 20, 223]}, {""class_id"": 1, ""class_name"": ""Pedestrian"", ""track_id"": ""14"", ""confidence"": 0.83252, ""bbox"": [147, 337, 210, 428]}]"
678,"[{""class_id"": 1, ""class_name"": ""Pedestrian"", ""track_id"": ""11"", ""confidence"": 0.713379, ""bbox"": [236, 70, 252, 105]}, {""class_id"": 1, ""class_name"": ""Pedestrian"", ""track_id"": ""14"", ""confidence"": 0.828125, ""bbox"": [148, 332, 211, 425]}, {""class_id"": 1, ""class_name"": ""Pedestrian"", ""track_id"": ""18"", ""confidence"": 0.766602, ""bbox"": [212, 375, 251, 462]}]"
679,"[{""class_id"": 1, ""class_name"": ""Pedestrian"", ""track_id"": ""11"", ""confidence"": 0.724609, ""bbox"": [235, 69, 251, 105]}, {""class_id"": 1, ""class_name"": ""Pedestrian"", ""track_id"": ""14"", ""confidence"": 0.826172, ""bbox"": [147, 326, 212, 423]}, {""class_id"": 1, ""class_name"": ""Pedestrian"", ""track_id"": ""18"", ""confidence"": 0.768066, ""bbox"": [213, 369, 249, 451]}]"
680,"[{""class_id"": 1, ""class_name"": ""Pedestrian"", ""track_id"": ""11"", ""confidence"": null, ""bbox"": [233, 69, 249, 105]}, {""class_id"": 1, ""class_name"": ""Pedestrian"", ""track_id"": ""14"", ""confidence"": 0.824707, ""bbox"": [146, 319, 214, 424]}, {""class_id"": 1, ""class_name"": ""Pedestrian"", ""track_id"": ""18"", ""confidence"": 0.792969, ""bbox"": [215, 366, 249, 444]}]"
681,"[{""class_id"": 1, ""class_name"": ""Pedestrian"", ""track_id"": ""11"", ""confidence"": null, ""bbox"": [232, 68, 248, 104]}, {""class_id"": 1, ""class_name"": ""Pedestrian"", ""track_id"": ""14"", ""confidence"": 0.818848, ""bbox"": [146, 313, 213, 418]}, {""class_id"": 1, ""class_name"": ""Pedestrian"", ""track_id"": ""18"", ""confidence"": 0.75, ""bbox"": [214, 361, 249, 439]}]"
682,"[{""class_id"": 1, ""class_name"": ""Pedestrian"", ""track_id"": ""11"", ""confidence"": null, ""bbox"": [230, 68, 246, 104]}, {""class_id"": 1, ""class_name"": ""Pedestrian"", ""track_id"": ""14"", ""confidence"": 0.816406, ""bbox"": [149, 307, 210, 404]}, {""class_id"": 1, ""class_name"": ""Pedestrian"", ""track_id"": ""18"", ""confidence"": 0.746094, ""bbox"": [214, 357, 249, 436]}]"
683,"[{""class_id"": 1, ""class_name"": ""Pedestrian"", ""track_id"": ""11"", ""confidence"": 0.673828, ""bbox"": [230, 69, 245, 103]}, {""class_id"": 1, ""class_name"": ""Pedestrian"", ""track_id"": ""14"", ""confidence"": 0.828125, ""bbox"": [151, 303, 208, 395]}, {""class_id"": 1, ""class_name"": ""Pedestrian"", ""track_id"": ""18"", ""confidence"": 0.789551, ""bbox"": [214, 352, 248, 426]}, {""class_id"": 1, ""class_name"": ""Pedestrian"", ""track_id"": ""21"", ""confidence"": 0.688477, ""bbox"": [0, 187, 20, 221]}]"
684,"[{""class_id"": 1, ""class_name"": ""Pedestrian"", ""track_id"": ""11"", ""confidence"": 0.65332, ""bbox"": [230, 69, 244, 101]}, {""class_id"": 1, ""class_name"": ""Pedestrian"", ""track_id"": ""14"", ""confidence"": 0.820801, ""bbox"": [152, 299, 208, 392]}, {""class_id"": 1, ""class_name"": ""Pedestrian"", ""track_id"": ""18"", ""confidence"": 0.786133, ""bbox"": [215, 347, 248, 421]}, {""class_id"": 1, ""class_name"": ""Pedestrian"", ""track_id"": ""21"", ""confidence"": 0.712891, ""bbox"": [0, 187, 20, 221]}]"
685,"[{""class_id"": 1, ""class_name"": ""Pedestrian"", ""track_id"": ""11"", ""confidence"": 0.655273, ""bbox"": [229, 69, 243, 101]}, {""class_id"": 1, ""class_name"": ""Pedestrian"", ""track_id"": ""14"", ""confidence"": 0.820312, ""bbox"": [152, 295, 209, 391]}, {""class_id"": 1, ""class_name"": ""Pedestrian"", ""track_id"": ""18"", ""confidence"": 0.800781, ""bbox"": [215, 342, 249, 419]}, {""class_id"": 1, ""class_name"": ""Pedestrian"", ""track_id"": ""21"", ""confidence"": 0.708496, ""bbox"": [0, 187, 20, 221]}]"
686,"[{""class_id"": 1, ""class_name"": ""Pedestrian"", ""track_id"": ""11"", ""confidence"": 0.724121, ""bbox"": [228, 69, 242, 100]}, {""class_id"": 1, ""class_name"": ""Pedestrian"", ""track_id"": ""14"", ""confidence"": 0.817383, ""bbox"": [154, 292, 210, 390]}, {""class_id"": 1, ""class_name"": ""Pedestrian"", ""track_id"": ""18"", ""confidence"": 0.777832, ""bbox"": [214, 338, 249, 417]}, {""class_id"": 1, ""class_name"": ""Pedestrian"", ""track_id"": ""21"", ""confidence"": 0.712891, ""bbox"": [0, 187, 20, 221]}]"
687,"[{""class_id"": 1, ""class_name"": ""Pedestrian"", ""track_id"": ""11"", ""confidence"": 0.655273, ""bbox"": [228, 69, 241, 99]}, {""class_id"": 1, ""class_name"": ""Pedestrian"", ""track_id"": ""14"", ""confidence"": 0.821777, ""bbox"": [157, 287, 210, 382]}, {""class_id"": 1, ""class_name"": ""Pedestrian"", ""track_id"": ""18"", ""confidence"": 0.794922, ""bbox"": [215, 333, 248, 409]}, {""class_id"": 1, ""class_name"": ""Pedestrian"", ""track_id"": ""21"", ""confidence"": 0.700684, ""bbox"": [0, 187, 20, 221]}]"
688,"[{""class_id"": 1, ""class_name"": ""Pedestrian"", ""track_id"": ""11"", ""confidence"": 0.728027, ""bbox"": [228, 68, 241, 99]}, {""class_id"": 1, ""class_name"": ""Pedestrian"", ""track_id"": ""14"", ""confidence"": 0.827637, ""bbox"": [160, 283, 209, 371]}, {""class_id"": 1, ""class_name"": ""Pedestrian"", ""track_id"": ""18"", ""confidence"": 0.779785, ""bbox"": [216, 329, 247, 399]}, {""class_id"": 1, ""class_name"": ""Pedestrian"", ""track_id"": ""21"", ""confidence"": 0.719238, ""bbox"": [0, 187, 20, 221]}, {""class_id"": 1, ""class_name"": ""Pedestrian"", ""track_id"": ""25"", ""confidence"": 0.760254, ""bbox"": [253, 113, 284, 157]}]"
689,"[{""class_id"": 1, ""class_name"": ""Pedestrian"", ""track_id"": ""11"", ""confidence"": 0.724609, ""bbox"": [227, 67, 241, 98]}, {""class_id"": 1, ""class_name"": ""Pedestrian"", ""track_id"": ""14"", ""confidence"": 0.829102, ""bbox"": [161, 278, 209, 365]}, {""class_id"": 1, ""class_name"": ""Pedestrian"", ""track_id"": ""18"", ""confidence"": 0.79248, ""bbox"": [217, 325, 249, 396]}, {""class_id"": 1, ""class_name"": ""Pedestrian"", ""track_id"": ""21"", ""confidence"": 0.708496, ""bbox"": [0, 187, 20, 221]}, {""class_id"": 1, ""class_name"": ""Pedestrian"", ""track_id"": ""25"", ""confidence"": 0.779785, ""bbox"": [251, 111, 282, 156]}]"
690,"[{""class_id"": 1, ""class_name"": ""Pedestrian"", ""track_id"": ""11"", ""confidence"": 0.714844, ""bbox"": [226, 68, 240, 98]}, {""class_id"": 1, ""class_name"": ""Pedestrian"", ""track_id"": ""14"", ""confidence"": 0.822266, ""bbox"": [162, 274, 211, 363]}, {""class_id"": 1, ""class_name"": ""Pedestrian"", ""track_id"": ""18"", ""confidence"": 0.801758, ""bbox"": [217, 320, 250, 393]}, {""class_id"": 1, ""class_name"": ""Pedestrian"", ""track_id"": ""21"", ""confidence"": 0.699219, ""bbox"": [0, 187, 20, 221]}, {""class_id"": 1, ""class_name"": ""Pedestrian"", ""track_id"": ""25"", ""confidence"": 0.70459, ""bbox"": [248, 109, 279, 155]}]"
691,"[{""class_id"": 1, ""class_name"": ""Pedestrian"", ""track_id"": ""11"", ""confidence"": 0.685547, ""bbox"": [226, 67, 239, 97]}, {""class_id"": 1, ""class_name"": ""Pedestrian"", ""track_id"": ""14"", ""confidence"": 0.825195, ""bbox"": [161, 271, 211, 362]}, {""class_id"": 1, ""class_name"": ""Pedestrian"", ""track_id"": ""18"", ""confidence"": 0.797363, ""bbox"": [218, 316, 249, 388]}, {""class_id"": 1, ""class_name"": ""Pedestrian"", ""track_id"": ""21"", ""confidence"": 0.702637, ""bbox"": [0, 187, 20, 221]}, {""class_id"": 1, ""class_name"": ""Pedestrian"", ""track_id"": ""25"", ""confidence"": 0.687988, ""bbox"": [247, 109, 277, 154]}]"
692,"[{""class_id"": 1, ""class_name"": ""Pedestrian"", ""track_id"": ""11"", ""confidence"": 0.665527, ""bbox"": [225, 67, 238, 96]}, {""class_id"": 1, ""class_name"": ""Pedestrian"", ""track_id"": ""14"", ""confidence"": 0.825684, ""bbox"": [161, 266, 212, 360]}, {""class_id"": 1, ""class_name"": ""Pedestrian"", ""track_id"": ""18"", ""confidence"": 0.794922, ""bbox"": [219, 312, 248, 380]}, {""class_id"": 1, ""class_name"": ""Pedestrian"", ""track_id"": ""21"", ""confidence"": 0.714844, ""bbox"": [0, 187, 20, 221]}, {""class_id"": 1, ""class_name"": ""Pedestrian"", ""track_id"": ""25"", ""confidence"": null, ""bbox"": [244, 107, 276, 153]}]"
693,"[{""class_id"": 1, ""class_name"": ""Pedestrian"", ""track_id"": ""11"", ""confidence"": 0.657715, ""bbox"": [224, 66, 238, 96]}, {""class_id"": 1, ""class_name"": ""Pedestrian"", ""track_id"": ""14"", ""confidence"": 0.821777, ""bbox"": [161, 261, 212, 357]}, {""class_id"": 1, ""class_name"": ""Pedestrian"", ""track_id"": ""18"", ""confidence"": 0.806152, ""bbox"": [217, 308, 247, 377]}, {""class_id"": 1, ""class_name"": ""Pedestrian"", ""track_id"": ""21"", ""confidence"": 0.724121, ""bbox"": [0, 187, 20, 221]}, {""class_id"": 1, ""class_name"": ""Pedestrian"", ""track_id"": ""25"", ""confidence"": 0.67627, ""bbox"": [245, 108, 273, 150]}]"
694,"[{""class_id"": 1, ""class_name"": ""Pedestrian"", ""track_id"": ""11"", ""confidence"": 0.717285, ""bbox"": [224, 65, 237, 96]}, {""class_id"": 1, ""class_name"": ""Pedestrian"", ""track_id"": ""14"", ""confidence"": 0.820801, ""bbox"": [163, 256, 210, 345]}, {""class_id"": 1, ""class_name"": ""Pedestrian"", ""track_id"": ""18"", ""confidence"": 0.807129, ""bbox"": [217, 303, 248, 374]}, {""class_id"": 1, ""class_name"": ""Pedestrian"", ""track_id"": ""21"", ""confidence"": 0.701172, ""bbox"": [0, 187, 20, 221]}, {""class_id"": 1, ""class_name"": ""Pedestrian"", ""track_id"": ""25"", ""confidence"": 0.727539, ""bbox"": [243, 108, 271, 151]}]"
695,"[{""class_id"": 1, ""class_name"": ""Pedestrian"", ""track_id"": ""11"", ""confidence"": 0.658203, ""bbox"": [224, 65, 237, 95]}, {""class_id"": 1, ""class_name"": ""Pedestrian"", ""track_id"": ""14"", ""confidence"": 0.822754, ""bbox"": [164, 253, 208, 338]}, {""class_id"": 1, ""class_name"": ""Pedestrian"", ""track_id"": ""18"", ""confidence"": 0.791992, ""bbox"": [219, 299, 249, 369]}, {""class_id"": 1, ""class_name"": ""Pedestrian"", ""track_id"": ""21"", ""confidence"": 0.703125, ""bbox"": [0, 187, 20, 221]}, {""class_id"": 1, ""class_name"": ""Pedestrian"", ""track_id"": ""25"", ""confidence"": null, ""bbox"": [241, 106, 269, 150]}]"
696,"[{""class_id"": 1, ""class_name"": ""Pedestrian"", ""track_id"": ""11"", ""confidence"": null, ""bbox"": [223, 65, 236, 95]}, {""class_id"": 1, ""class_name"": ""Pedestrian"", ""track_id"": ""14"", ""confidence"": 0.82373, ""bbox"": [163, 249, 208, 336]}, {""class_id"": 1, ""class_name"": ""Pedestrian"", ""track_id"": ""18"", ""confidence"": 0.800781, ""bbox"": [221, 295, 249, 360]}, {""class_id"": 1, ""class_name"": ""Pedestrian"", ""track_id"": ""21"", ""confidence"": 0.703125, ""bbox"": [0, 187, 20, 221]}, {""class_id"": 1, ""class_name"": ""Pedestrian"", ""track_id"": ""25"", ""confidence"": 0.681641, ""bbox"": [242, 103, 268, 145]}]"
697,"[{""class_id"": 1, ""class_name"": ""Pedestrian"", ""track_id"": ""11"", ""confidence"": null, ""bbox"": [222, 65, 235, 94]}, {""class_id"": 1, ""class_name"": ""Pedestrian"", ""track_id"": ""14"", ""confidence"": 0.818359, ""bbox"": [163, 247, 208, 335]}, {""class_id"": 1, ""class_name"": ""Pedestrian"", ""track_id"": ""18"", ""confidence"": 0.765137, ""bbox"": [222, 291, 249, 356]}, {""class_id"": 1, ""class_name"": ""Pedestrian"", ""track_id"": ""21"", ""confidence"": 0.679688, ""bbox"": [0, 187, 20, 221]}, {""class_id"": 1, ""class_name"": ""Pedestrian"", ""track_id"": ""25"", ""confidence"": 0.67041, ""bbox"": [242, 101, 267, 143]}]"
698,"[{""class_id"": 1, ""class_name"": ""Pedestrian"", ""track_id"": ""11"", ""confidence"": null, ""bbox"": [222, 64, 234, 94]}, {""class_id"": 1, ""class_name"": ""Pedestrian"", ""track_id"": ""14"", ""confidence"": 0.817871, ""bbox"": [164, 243, 209, 333]}, {""class_id"": 1, ""class_name"": ""Pedestrian"", ""track_id"": ""18"", ""confidence"": 0.80127, ""bbox"": [223, 287, 249, 352]}, {""class_id"": 1, ""class_name"": ""Pedestrian"", ""track_id"": ""21"", ""confidence"": 0.681152, ""bbox"": [0, 187, 20, 221]}, {""class_id"": 1, ""class_name"": ""Pedestrian"", ""track_id"": ""25"", ""confidence"": 0.693848, ""bbox"": [242, 100, 266, 140]}]"
699,"[{""class_id"": 1, ""class_name"": ""Pedestrian"", ""track_id"": ""11"", ""confidence"": null, ""bbox"": [221, 64, 234, 93]}, {""class_id"": 1, ""class_name"": ""Pedestrian"", ""track_id"": ""14"", ""confidence"": 0.817871, ""bbox"": [165, 240, 210, 331]}, {""class_id"": 1, ""class_name"": ""Pedestrian"", ""track_id"": ""18"", ""confidence"": 0.782227, ""bbox"": [224, 283, 248, 343]}, {""class_id"": 1, ""class_name"": ""Pedestrian"", ""track_id"": ""21"", ""confidence"": 0.675293, ""bbox"": [0, 187, 20, 221]}, {""class_id"": 1, ""class_name"": ""Pedestrian"", ""track_id"": ""25"", ""confidence"": null, ""bbox"": [240, 98, 264, 139]}]"
700,"[{""class_id"": 1, ""class_name"": ""Pedestrian"", ""track_id"": ""11"", ""confidence"": 0.700195, ""bbox"": [221, 64, 234, 93]}, {""class_id"": 1, ""class_name"": ""Pedestrian"", ""track_id"": ""14"", ""confidence"": 0.815918, ""bbox"": [167, 236, 209, 322]}, {""class_id"": 1, ""class_name"": ""Pedestrian"", ""track_id"": ""18"", ""confidence"": 0.789062, ""bbox"": [225, 280, 248, 339]}, {""class_id"": 1, ""class_name"": ""Pedestrian"", ""track_id"": ""21"", ""confidence"": 0.686035, ""bbox"": [0, 187, 20, 221]}, {""class_id"": 1, ""class_name"": ""Pedestrian"", ""track_id"": ""25"", ""confidence"": null, ""bbox"": [239, 96, 263, 137]}]"
701,"[{""class_id"": 1, ""class_name"": ""Pedestrian"", ""track_id"": ""11"", ""confidence"": 0.671875, ""bbox"": [221, 64, 233, 93]}, {""class_id"": 1, ""class_name"": ""Pedestrian"", ""track_id"": ""14"", ""confidence"": 0.827637, ""bbox"": [169, 232, 208, 315]}, {""class_id"": 1, ""class_name"": ""Pedestrian"", ""track_id"": ""18"", ""confidence"": 0.791016, ""bbox"": [226, 276, 249, 336]}, {""class_id"": 1, ""class_name"": ""Pedestrian"", ""track_id"": ""21"", ""confidence"": 0.688965, ""bbox"": [0, 187, 20, 221]}, {""class_id"": 1, ""class_name"": ""Pedestrian"", ""track_id"": ""25"", ""confidence"": null, ""bbox"": [237, 95, 261, 136]}]"
702,"[{""class_id"": 1, ""class_name"": ""Pedestrian"", ""track_id"": ""11"", ""confidence"": 0.65332, ""bbox"": [221, 64, 233, 93]}, {""class_id"": 1, ""class_name"": ""Pedestrian"", ""track_id"": ""14"", ""confidence"": 0.833496, ""bbox"": [169, 229, 208, 311]}, {""class_id"": 1, ""class_name"": ""Pedestrian"", ""track_id"": ""18"", ""confidence"": 0.802246, ""bbox"": [226, 272, 250, 333]}, {""class_id"": 1, ""class_name"": ""Pedestrian"", ""track_id"": ""21"", ""confidence"": 0.685059, ""bbox"": [0, 187, 20, 221]}, {""class_id"": 1, ""class_name"": ""Pedestrian"", ""track_id"": ""25"", ""confidence"": null, ""bbox"": [236, 93, 260, 134]}]"
703,"[{""class_id"": 1, ""class_name"": ""Pedestrian"", ""track_id"": ""11"", ""confidence"": null, ""bbox"": [220, 64, 232, 92]}, {""class_id"": 1, ""class_name"": ""Pedestrian"", ""track_id"": ""14"", ""confidence"": 0.820801, ""bbox"": [169, 225, 209, 311]}, {""class_id"": 1, ""class_name"": ""Pedestrian"", ""track_id"": ""18"", ""confidence"": 0.771484, ""bbox"": [226, 268, 248, 326]}, {""class_id"": 1, ""class_name"": ""Pedestrian"", ""track_id"": ""21"", ""confidence"": 0.657715, ""bbox"": [0, 187, 20, 222]}, {""class_id"": 1, ""class_name"": ""Pedestrian"", ""track_id"": ""25"", ""confidence"": null, ""bbox"": [234, 91, 259, 133]}]"
704,"[{""class_id"": 1, ""class_name"": ""Pedestrian"", ""track_id"": ""11"", ""confidence"": null, ""bbox"": [220, 64, 232, 92]}, {""class_id"": 1, ""class_name"": ""Pedestrian"", ""track_id"": ""14"", ""confidence"": 0.824219, ""bbox"": [169, 222, 209, 309]}, {""class_id"": 1, ""class_name"": ""Pedestrian"", ""track_id"": ""18"", ""confidence"": 0.790527, ""bbox"": [226, 263, 249, 322]}, {""class_id"": 1, ""class_name"": ""Pedestrian"", ""track_id"": ""21"", ""confidence"": null, ""bbox"": [0, 187, 20, 222]}, {""class_id"": 1, ""class_name"": ""Pedestrian"", ""track_id"": ""25"", ""confidence"": null, ""bbox"": [233, 90, 257, 131]}]"
705,"[{""class_id"": 1, ""class_name"": ""Pedestrian"", ""track_id"": ""11"", ""confidence"": null, ""bbox"": [219, 64, 231, 91]}, {""class_id"": 1, ""class_name"": ""Pedestrian"", ""track_id"": ""14"", ""confidence"": 0.822754, ""bbox"": [168, 219, 209, 307]}, {""class_id"": 1, ""class_name"": ""Pedestrian"", ""track_id"": ""18"", ""confidence"": 0.804199, ""bbox"": [226, 259, 250, 319]}, {""class_id"": 1, ""class_name"": ""Pedestrian"", ""track_id"": ""21"", ""confidence"": 0.688965, ""bbox"": [0, 187, 20, 222]}, {""class_id"": 1, ""class_name"": ""Pedestrian"", ""track_id"": ""25"", ""confidence"": null, ""bbox"": [231, 88, 256, 130]}]"
706,"[{""class_id"": 1, ""class_name"": ""Pedestrian"", ""track_id"": ""11"", ""confidence"": null, ""bbox"": [219, 63, 230, 91]}, {""class_id"": 1, ""class_name"": ""Pedestrian"", ""track_id"": ""14"", ""confidence"": 0.816895, ""bbox"": [170, 216, 208, 299]}, {""class_id"": 1, ""class_name"": ""Pedestrian"", ""track_id"": ""18"", ""confidence"": 0.754395, ""bbox"": [229, 256, 251, 313]}, {""class_id"": 1, ""class_name"": ""Pedestrian"", ""track_id"": ""21"", ""confidence"": 0.685547, ""bbox"": [0, 187, 20, 222]}, {""class_id"": 1, ""class_name"": ""Pedestrian"", ""track_id"": ""25"", ""confidence"": null, ""bbox"": [230, 86, 255, 128]}]"
707,"[{""class_id"": 1, ""class_name"": ""Pedestrian"", ""track_id"": ""11"", ""confidence"": null, ""bbox"": [218, 63, 230, 90]}, {""class_id"": 1, ""class_name"": ""Pedestrian"", ""track_id"": ""14"", ""confidence"": 0.820312, ""bbox"": [170, 212, 208, 295]}, {""class_id"": 1, ""class_name"": ""Pedestrian"", ""track_id"": ""18"", ""confidence"": null, ""bbox"": [229, 252, 251, 308]}, {""class_id"": 1, ""class_name"": ""Pedestrian"", ""track_id"": ""21"", ""confidence"": 0.678711, ""bbox"": [0, 187, 20, 222]}, {""class_id"": 1, ""class_name"": ""Pedestrian"", ""track_id"": ""25"", ""confidence"": null, ""bbox"": [228, 85, 253, 127]}]"
708,"[{""class_id"": 1, ""class_name"": ""Pedestrian"", ""track_id"": ""11"", ""confidence"": null, ""bbox"": [218, 63, 229, 90]}, {""class_id"": 1, ""class_name"": ""Pedestrian"", ""track_id"": ""14"", ""confidence"": 0.828125, ""bbox"": [171, 210, 208, 291]}, {""class_id"": 1, ""class_name"": ""Pedestrian"", ""track_id"": ""18"", ""confidence"": 0.766113, ""bbox"": [230, 252, 251, 307]}, {""class_id"": 1, ""class_name"": ""Pedestrian"", ""track_id"": ""21"", ""confidence"": 0.696289, ""bbox"": [0, 187, 20, 222]}, {""class_id"": 1, ""class_name"": ""Pedestrian"", ""track_id"": ""25"", ""confidence"": 0.710938, ""bbox"": [228, 89, 248, 123]}]"
709,"[{""class_id"": 1, ""class_name"": ""Pedestrian"", ""track_id"": ""11"", ""confidence"": null, ""bbox"": [217, 63, 228, 89]}, {""class_id"": 1, ""class_name"": ""Pedestrian"", ""track_id"": ""14"", ""confidence"": 0.828613, ""bbox"": [172, 208, 207, 289]}, {""class_id"": 1, ""class_name"": ""Pedestrian"", ""track_id"": ""18"", ""confidence"": 0.778809, ""bbox"": [230, 251, 252, 306]}, {""class_id"": 1, ""class_name"": ""Pedestrian"", ""track_id"": ""21"", ""confidence"": null, ""bbox"": [0, 187, 20, 222]}, {""class_id"": 1, ""class_name"": ""Pedestrian"", ""track_id"": ""25"", ""confidence"": 0.727539, ""bbox"": [228, 88, 247, 120]}]"
710,"[{""class_id"": 1, ""class_name"": ""Pedestrian"", ""track_id"": ""11"", ""confidence"": 0.657715, ""bbox"": [217, 63, 228, 90]}, {""class_id"": 1, ""class_name"": ""Pedestrian"", ""track_id"": ""14"", ""confidence"": 0.830078, ""bbox"": [173, 207, 208, 289]}, {""class_id"": 1, ""class_name"": ""Pedestrian"", ""track_id"": ""18"", ""confidence"": 0.764648, ""bbox"": [230, 247, 252, 302]}, {""class_id"": 1, ""class_name"": ""Pedestrian"", ""track_id"": ""21"", ""confidence"": null, ""bbox"": [0, 187, 20, 222]}, {""class_id"": 1, ""class_name"": ""Pedestrian"", ""track_id"": ""25"", ""confidence"": 0.663086, ""bbox"": [227, 90, 245, 119]}]"
711,"[{""class_id"": 1, ""class_name"": ""Pedestrian"", ""track_id"": ""11"", ""confidence"": null, ""bbox"": [216, 63, 227, 90]}, {""class_id"": 1, ""class_name"": ""Pedestrian"", ""track_id"": ""14"", ""confidence"": 0.82666, ""bbox"": [174, 205, 210, 287]}, {""class_id"": 1, ""class_name"": ""Pedestrian"", ""track_id"": ""18"", ""confidence"": 0.68457, ""bbox"": [232, 244, 253, 295]}, {""class_id"": 1, ""class_name"": ""Pedestrian"", ""track_id"": ""21"", ""confidence"": null, ""bbox"": [0, 187, 20, 222]}, {""class_id"": 1, ""class_name"": ""Pedestrian"", ""track_id"": ""25"", ""confidence"": null, ""bbox"": [226, 89, 244, 117]}]"
712,"[{""class_id"": 1, ""class_name"": ""Pedestrian"", ""track_id"": ""11"", ""confidence"": null, ""bbox"": [216, 63, 227, 90]}, {""class_id"": 1, ""class_name"": ""Pedestrian"", ""track_id"": ""14"", ""confidence"": 0.81543, ""bbox"": [176, 201, 210, 280]}, {""class_id"": 1, ""class_name"": ""Pedestrian"", ""track_id"": ""18"", ""confidence"": null, ""bbox"": [232, 241, 253, 291]}, {""class_id"": 1, ""class_name"": ""Pedestrian"", ""track_id"": ""21"", ""confidence"": null, ""bbox"": [0, 187, 20, 222]}, {""class_id"": 1, ""class_name"": ""Pedestrian"", ""track_id"": ""25"", ""confidence"": null, ""bbox"": [225, 88, 242, 116]}]"
713,"[{""class_id"": 1, ""class_name"": ""Pedestrian"", ""track_id"": ""11"", ""confidence"": null, ""bbox"": [215, 63, 226, 89]}, {""class_id"": 1, ""class_name"": ""Pedestrian"", ""track_id"": ""14"", ""confidence"": 0.822266, ""bbox"": [178, 198, 210, 275]}, {""class_id"": 1, ""class_name"": ""Pedestrian"", ""track_id"": ""18"", ""confidence"": null, ""bbox"": [233, 238, 254, 286]}, {""class_id"": 1, ""class_name"": ""Pedestrian"", ""track_id"": ""21"", ""confidence"": null, ""bbox"": [0, 187, 20, 222]}, {""class_id"": 1, ""class_name"": ""Pedestrian"", ""track_id"": ""25"", ""confidence"": null, ""bbox"": [224, 87, 240, 114]}]"
714,"[{""class_id"": 1, ""class_name"": ""Pedestrian"", ""track_id"": ""11"", ""confidence"": 0.660645, ""bbox"": [216, 64, 225, 88]}, {""class_id"": 1, ""class_name"": ""Pedestrian"", ""track_id"": ""14"", ""confidence"": 0.825195, ""bbox"": [178, 196, 210, 273]}, {""class_id"": 1, ""class_name"": ""Pedestrian"", ""track_id"": ""18"", ""confidence"": 0.727051, ""bbox"": [234, 238, 256, 289]}, {""class_id"": 1, ""class_name"": ""Pedestrian"", ""track_id"": ""21"", ""confidence"": null, ""bbox"": [0, 187, 20, 222]}, {""class_id"": 1, ""class_name"": ""Pedestrian"", ""track_id"": ""25"", ""confidence"": null, ""bbox"": [223, 86, 239, 112]}]"
715,"[{""class_id"": 1, ""class_name"": ""Pedestrian"", ""track_id"": ""11"", ""confidence"": null, ""bbox"": [215, 64, 225, 87]}, {""class_id"": 1, ""class_name"": ""Pedestrian"", ""track_id"": ""14"", ""confidence"": 0.820801, ""bbox"": [178, 194, 211, 272]}, {""class_id"": 1, ""class_name"": ""Pedestrian"", ""track_id"": ""18"", ""confidence"": 0.698242, ""bbox"": [235, 236, 258, 286]}, {""class_id"": 1, ""class_name"": ""Pedestrian"", ""track_id"": ""21"", ""confidence"": null, ""bbox"": [0, 187, 20, 222]}, {""class_id"": 1, ""class_name"": ""Pedestrian"", ""track_id"": ""25"", ""confidence"": null, ""bbox"": [222, 85, 237, 111]}]"
716,"[{""class_id"": 1, ""class_name"": ""Pedestrian"", ""track_id"": ""11"", ""confidence"": 0.689453, ""bbox"": [215, 64, 224, 87]}, {""class_id"": 1, ""class_name"": ""Pedestrian"", ""track_id"": ""14"", ""confidence"": 0.819336, ""bbox"": [178, 192, 212, 273]}, {""class_id"": 1, ""class_name"": ""Pedestrian"", ""track_id"": ""18"", ""confidence"": null, ""bbox"": [236, 233, 259, 283]}, {""class_id"": 1, ""class_name"": ""Pedestrian"", ""track_id"": ""21"", ""confidence"": 0.676758, ""bbox"": [0, 187, 20, 222]}, {""class_id"": 1, ""class_name"": ""Pedestrian"", ""track_id"": ""25"", ""confidence"": null, ""bbox"": [221, 85, 236, 109]}]"
717,"[{""class_id"": 1, ""class_name"": ""Pedestrian"", ""track_id"": ""11"", ""confidence"": null, ""bbox"": [214, 64, 224, 87]}, {""class_id"": 1, ""class_name"": ""Pedestrian"", ""track_id"": ""14"", ""confidence"": 0.805176, ""bbox"": [179, 189, 212, 270]}, {""class_id"": 1, ""class_name"": ""Pedestrian"", ""track_id"": ""18"", ""confidence"": null, ""bbox"": [237, 231, 259, 279]}, {""class_id"": 1, ""class_name"": ""Pedestrian"", ""track_id"": ""21"", ""confidence"": 0.683105, ""bbox"": [0, 187, 20, 223]}, {""class_id"": 1, ""class_name"": ""Pedestrian"", ""track_id"": ""25"", ""confidence"": null, ""bbox"": [220, 84, 234, 107]}]"
718,"[{""class_id"": 1, ""class_name"": ""Pedestrian"", ""track_id"": ""11"", ""confidence"": null, ""bbox"": [214, 63, 223, 87]}, {""class_id"": 1, ""class_name"": ""Pedestrian"", ""track_id"": ""14"", ""confidence"": 0.813965, ""bbox"": [178, 187, 211, 266]}, {""class_id"": 1, ""class_name"": ""Pedestrian"", ""track_id"": ""18"", ""confidence"": 0.720703, ""bbox"": [236, 228, 260, 279]}, {""class_id"": 1, ""class_name"": ""Pedestrian"", ""track_id"": ""21"", ""confidence"": 0.654785, ""bbox"": [0, 186, 20, 222]}, {""class_id"": 1, ""class_name"": ""Pedestrian"", ""track_id"": ""25"", ""confidence"": null, ""bbox"": [218, 83, 232, 106]}]"
719,"[{""class_id"": 1, ""class_name"": ""Pedestrian"", ""track_id"": ""11"", ""confidence"": null, ""bbox"": [213, 63, 223, 86]}, {""class_id"": 1, ""class_name"": ""Pedestrian"", ""track_id"": ""14"", ""confidence"": 0.817871, ""bbox"": [179, 184, 211, 261]}, {""class_id"": 1, ""class_name"": ""Pedestrian"", ""track_id"": ""18"", ""confidence"": null, ""bbox"": [237, 226, 261, 276]}, {""class_id"": 1, ""class_name"": ""Pedestrian"", ""track_id"": ""21"", ""confidence"": null, ""bbox"": [0, 186, 20, 222]}, {""class_id"": 1, ""class_name"": ""Pedestrian"", ""track_id"": ""25"", ""confidence"": null, ""bbox"": [217, 82, 231, 104]}]"
720,"[{""class_id"": 1, ""class_name"": ""Pedestrian"", ""track_id"": ""11"", ""confidence"": null, ""bbox"": [213, 63, 222, 86]}, {""class_id"": 1, ""class_name"": ""Pedestrian"", ""track_id"": ""14"", ""confidence"": 0.821777, ""bbox"": [180, 183, 211, 258]}, {""class_id"": 1, ""class_name"": ""Pedestrian"", ""track_id"": ""18"", ""confidence"": null, ""bbox"": [237, 223, 262, 273]}, {""class_id"": 1, ""class_name"": ""Pedestrian"", ""track_id"": ""21"", ""confidence"": null, ""bbox"": [0, 186, 20, 222]}, {""class_id"": 1, ""class_name"": ""Pedestrian"", ""track_id"": ""25"", ""confidence"": null, ""bbox"": [216, 81, 229, 102]}]"
721,"[{""class_id"": 1, ""class_name"": ""Pedestrian"", ""track_id"": ""11"", ""confidence"": null, ""bbox"": [212, 63, 221, 85]}, {""class_id"": 1, ""class_name"": ""Pedestrian"", ""track_id"": ""14"", ""confidence"": 0.828613, ""bbox"": [181, 182, 211, 256]}, {""class_id"": 1, ""class_name"": ""Pedestrian"", ""track_id"": ""18"", ""confidence"": null, ""bbox"": [238, 220, 262, 270]}, {""class_id"": 1, ""class_name"": ""Pedestrian"", ""track_id"": ""21"", ""confidence"": null, ""bbox"": [0, 186, 20, 222]}]"
722,"[{""class_id"": 1, ""class_name"": ""Pedestrian"", ""track_id"": ""11"", ""confidence"": null, ""bbox"": [212, 63, 221, 85]}, {""class_id"": 1, ""class_name"": ""Pedestrian"", ""track_id"": ""14"", ""confidence"": 0.827637, ""bbox"": [182, 181, 212, 255]}, {""class_id"": 1, ""class_name"": ""Pedestrian"", ""track_id"": ""21"", ""confidence"": null, ""bbox"": [0, 186, 20, 222]}, {""class_id"": 1, ""class_name"": ""Pedestrian"", ""track_id"": ""26"", ""confidence"": 0.681641, ""bbox"": [215, 222, 270, 264]}]"
723,"[{""class_id"": 1, ""class_name"": ""Pedestrian"", ""track_id"": ""11"", ""confidence"": null, ""bbox"": [211, 63, 220, 85]}, {""class_id"": 1, ""class_name"": ""Pedestrian"", ""track_id"": ""14"", ""confidence"": 0.803711, ""bbox"": [182, 179, 213, 254]}, {""class_id"": 1, ""class_name"": ""Pedestrian"", ""track_id"": ""21"", ""confidence"": null, ""bbox"": [0, 185, 20, 222]}, {""class_id"": 1, ""class_name"": ""Pedestrian"", ""track_id"": ""26"", ""confidence"": null, ""bbox"": [214, 221, 271, 264]}]"
724,"[{""class_id"": 1, ""class_name"": ""Pedestrian"", ""track_id"": ""11"", ""confidence"": null, ""bbox"": [211, 63, 220, 84]}, {""class_id"": 1, ""class_name"": ""Pedestrian"", ""track_id"": ""14"", ""confidence"": 0.819824, ""bbox"": [184, 176, 213, 246]}, {""class_id"": 1, ""class_name"": ""Pedestrian"", ""track_id"": ""21"", ""confidence"": null, ""bbox"": [0, 185, 20, 222]}, {""class_id"": 1, ""class_name"": ""Pedestrian"", ""track_id"": ""26"", ""confidence"": null, ""bbox"": [213, 219, 273, 264]}]"
725,"[{""class_id"": 1, ""class_name"": ""Pedestrian"", ""track_id"": ""11"", ""confidence"": null, ""bbox"": [210, 63, 219, 84]}, {""class_id"": 1, ""class_name"": ""Pedestrian"", ""track_id"": ""14"", ""confidence"": 0.82373, ""bbox"": [186, 175, 213, 242]}, {""class_id"": 1, ""class_name"": ""Pedestrian"", ""track_id"": ""21"", ""confidence"": null, ""bbox"": [0, 185, 20, 222]}, {""class_id"": 1, ""class_name"": ""Pedestrian"", ""track_id"": ""26"", ""confidence"": null, ""bbox"": [212, 218, 274, 264]}]"
726,"[{""class_id"": 1, ""class_name"": ""Pedestrian"", ""track_id"": ""11"", ""confidence"": null, ""bbox"": [210, 63, 218, 83]}, {""class_id"": 1, ""class_name"": ""Pedestrian"", ""track_id"": ""14"", ""confidence"": 0.821777, ""bbox"": [185, 173, 213, 241]}, {""class_id"": 1, ""class_name"": ""Pedestrian"", ""track_id"": ""21"", ""confidence"": null, ""bbox"": [0, 185, 20, 222]}, {""class_id"": 1, ""class_name"": ""Pedestrian"", ""track_id"": ""26"", ""confidence"": null, ""bbox"": [211, 216, 275, 265]}]"
727,"[{""class_id"": 1, ""class_name"": ""Pedestrian"", ""track_id"": ""14"", ""confidence"": 0.821777, ""bbox"": [184, 171, 213, 240]}, {""class_id"": 1, ""class_name"": ""Pedestrian"", ""track_id"": ""21"", ""confidence"": null, ""bbox"": [0, 185, 20, 222]}, {""class_id"": 1, ""class_name"": ""Pedestrian"", ""track_id"": ""26"", ""confidence"": null, ""bbox"": [211, 215, 277, 265]}]"
728,"[{""class_id"": 1, ""class_name"": ""Pedestrian"", ""track_id"": ""14"", ""confidence"": 0.807129, ""bbox"": [184, 169, 214, 240]}, {""class_id"": 1, ""class_name"": ""Pedestrian"", ""track_id"": ""21"", ""confidence"": null, ""bbox"": [0, 185, 20, 222]}, {""class_id"": 1, ""class_name"": ""Pedestrian"", ""track_id"": ""26"", ""confidence"": null, ""bbox"": [210, 214, 278, 265]}]"
729,"[{""class_id"": 1, ""class_name"": ""Pedestrian"", ""track_id"": ""14"", ""confidence"": 0.811523, ""bbox"": [185, 167, 214, 238]}, {""class_id"": 1, ""class_name"": ""Pedestrian"", ""track_id"": ""26"", ""confidence"": null, ""bbox"": [209, 212, 280, 266]}]"
730,"[{""class_id"": 1, ""class_name"": ""Pedestrian"", ""track_id"": ""14"", ""confidence"": 0.813477, ""bbox"": [185, 164, 214, 236]}, {""class_id"": 1, ""class_name"": ""Pedestrian"", ""track_id"": ""26"", ""confidence"": null, ""bbox"": [208, 211, 281, 266]}]"
731,"[{""class_id"": 1, ""class_name"": ""Pedestrian"", ""track_id"": ""14"", ""confidence"": 0.817383, ""bbox"": [185, 162, 214, 232]}, {""class_id"": 1, ""class_name"": ""Pedestrian"", ""track_id"": ""26"", ""confidence"": null, ""bbox"": [207, 210, 282, 266]}]"
732,"[{""class_id"": 1, ""class_name"": ""Pedestrian"", ""track_id"": ""14"", ""confidence"": 0.808594, ""bbox"": [186, 161, 214, 229]}, {""class_id"": 1, ""class_name"": ""Pedestrian"", ""track_id"": ""26"", ""confidence"": null, ""bbox"": [206, 208, 284, 267]}]"
733,"[{""class_id"": 1, ""class_name"": ""Pedestrian"", ""track_id"": ""14"", ""confidence"": 0.810059, ""bbox"": [186, 160, 214, 228]}, {""class_id"": 1, ""class_name"": ""Pedestrian"", ""track_id"": ""18"", ""confidence"": 0.776367, ""bbox"": [246, 201, 266, 243]}]"
734,"[{""class_id"": 1, ""class_name"": ""Pedestrian"", ""track_id"": ""14"", ""confidence"": 0.814941, ""bbox"": [187, 159, 215, 227]}, {""class_id"": 1, ""class_name"": ""Pedestrian"", ""track_id"": ""18"", ""confidence"": 0.760254, ""bbox"": [246, 199, 267, 241]}]"
735,"[{""class_id"": 1, ""class_name"": ""Pedestrian"", ""track_id"": ""14"", ""confidence"": 0.815918, ""bbox"": [187, 157, 215, 227]}, {""class_id"": 1, ""class_name"": ""Pedestrian"", ""track_id"": ""18"", ""confidence"": 0.76416, ""bbox"": [246, 197, 267, 240]}]"
736,"[{""class_id"": 1, ""class_name"": ""Pedestrian"", ""track_id"": ""14"", ""confidence"": 0.807617, ""bbox"": [188, 156, 215, 222]}, {""class_id"": 1, ""class_name"": ""Pedestrian"", ""track_id"": ""18"", ""confidence"": 0.76416, ""bbox"": [246, 194, 266, 236]}]"
737,"[{""class_id"": 1, ""class_name"": ""Pedestrian"", ""track_id"": ""14"", ""confidence"": 0.817383, ""bbox"": [189, 154, 216, 219]}, {""class_id"": 1, ""class_name"": ""Pedestrian"", ""track_id"": ""18"", ""confidence"": 0.748535, ""bbox"": [246, 192, 265, 233]}]"
738,"[{""class_id"": 1, ""class_name"": ""Pedestrian"", ""track_id"": ""14"", ""confidence"": 0.818848, ""bbox"": [190, 152, 216, 217]}, {""class_id"": 1, ""class_name"": ""Pedestrian"", ""track_id"": ""18"", ""confidence"": null, ""bbox"": [246, 190, 265, 230]}]"
739,"[{""class_id"": 1, ""class_name"": ""Pedestrian"", ""track_id"": ""14"", ""confidence"": 0.816406, ""bbox"": [189, 151, 216, 217]}, {""class_id"": 1, ""class_name"": ""Pedestrian"", ""track_id"": ""18"", ""confidence"": null, ""bbox"": [246, 187, 265, 228]}]"
740,"[{""class_id"": 1, ""class_name"": ""Pedestrian"", ""track_id"": ""14"", ""confidence"": 0.815918, ""bbox"": [190, 150, 216, 216]}, {""class_id"": 1, ""class_name"": ""Pedestrian"", ""track_id"": ""18"", ""confidence"": null, ""bbox"": [247, 185, 265, 226]}]"
741,"[{""class_id"": 1, ""class_name"": ""Pedestrian"", ""track_id"": ""14"", ""confidence"": 0.80127, ""bbox"": [189, 149, 216, 214]}, {""class_id"": 1, ""class_name"": ""Pedestrian"", ""track_id"": ""18"", ""confidence"": null, ""bbox"": [247, 183, 266, 223]}]"
742,"[{""class_id"": 1, ""class_name"": ""Pedestrian"", ""track_id"": ""14"", ""confidence"": 0.808105, ""bbox"": [189, 147, 215, 211]}, {""class_id"": 1, ""class_name"": ""Pedestrian"", ""track_id"": ""18"", ""confidence"": null, ""bbox"": [247, 181, 266, 221]}]"
743,"[{""class_id"": 1, ""class_name"": ""Pedestrian"", ""track_id"": ""14"", ""confidence"": 0.807617, ""bbox"": [190, 145, 215, 208]}, {""class_id"": 1, ""class_name"": ""Pedestrian"", ""track_id"": ""18"", ""confidence"": null, ""bbox"": [248, 179, 266, 218]}]"
744,"[{""class_id"": 1, ""class_name"": ""Pedestrian"", ""track_id"": ""14"", ""confidence"": 0.808594, ""bbox"": [190, 144, 215, 206]}, {""class_id"": 1, ""class_name"": ""Pedestrian"", ""track_id"": ""18"", ""confidence"": null, ""bbox"": [248, 177, 266, 216]}]"
745,"[{""class_id"": 1, ""class_name"": ""Pedestrian"", ""track_id"": ""14"", ""confidence"": 0.796875, ""bbox"": [190, 142, 216, 205]}, {""class_id"": 1, ""class_name"": ""Pedestrian"", ""track_id"": ""18"", ""confidence"": null, ""bbox"": [248, 175, 266, 213]}]"
746,"[{""class_id"": 1, ""class_name"": ""Pedestrian"", ""track_id"": ""14"", ""confidence"": 0.803223, ""bbox"": [190, 142, 216, 205]}, {""class_id"": 1, ""class_name"": ""Pedestrian"", ""track_id"": ""18"", ""confidence"": null, ""bbox"": [248, 173, 266, 211]}]"
747,"[{""class_id"": 1, ""class_name"": ""Pedestrian"", ""track_id"": ""14"", ""confidence"": 0.80127, ""bbox"": [190, 141, 216, 204]}, {""class_id"": 1, ""class_name"": ""Pedestrian"", ""track_id"": ""18"", ""confidence"": null, ""bbox"": [249, 171, 266, 208]}]"
748,"[{""class_id"": 1, ""class_name"": ""Pedestrian"", ""track_id"": ""14"", ""confidence"": 0.787598, ""bbox"": [191, 140, 216, 203]}]"
749,"[{""class_id"": 1, ""class_name"": ""Pedestrian"", ""track_id"": ""14"", ""confidence"": 0.791504, ""bbox"": [190, 139, 215, 201]}]"
750,"[{""class_id"": 1, ""class_name"": ""Pedestrian"", ""track_id"": ""14"", ""confidence"": 0.782715, ""bbox"": [192, 138, 215, 196]}]"
751,"[{""class_id"": 1, ""class_name"": ""Pedestrian"", ""track_id"": ""14"", ""confidence"": 0.782227, ""bbox"": [191, 137, 215, 195]}]"
752,"[{""class_id"": 1, ""class_name"": ""Pedestrian"", ""track_id"": ""14"", ""confidence"": 0.770996, ""bbox"": [191, 136, 215, 195]}]"
753,"[{""class_id"": 1, ""class_name"": ""Pedestrian"", ""track_id"": ""14"", ""confidence"": 0.765137, ""bbox"": [190, 135, 215, 197]}]"
754,"[{""class_id"": 1, ""class_name"": ""Pedestrian"", ""track_id"": ""14"", ""confidence"": 0.731934, ""bbox"": [190, 134, 213, 191]}]"
755,"[{""class_id"": 1, ""class_name"": ""Pedestrian"", ""track_id"": ""14"", ""confidence"": 0.757324, ""bbox"": [190, 133, 213, 188]}]"
756,"[{""class_id"": 1, ""class_name"": ""Pedestrian"", ""track_id"": ""14"", ""confidence"": 0.756836, ""bbox"": [190, 131, 213, 187]}]"
757,"[{""class_id"": 1, ""class_name"": ""Pedestrian"", ""track_id"": ""14"", ""confidence"": 0.759277, ""bbox"": [190, 130, 213, 186]}]"
758,"[{""class_id"": 1, ""class_name"": ""Pedestrian"", ""track_id"": ""14"", ""confidence"": 0.764648, ""bbox"": [190, 129, 213, 185]}]"
759,"[{""class_id"": 1, ""class_name"": ""Pedestrian"", ""track_id"": ""14"", ""confidence"": 0.77002, ""bbox"": [191, 127, 214, 184]}]"
760,"[{""class_id"": 1, ""class_name"": ""Pedestrian"", ""track_id"": ""14"", ""confidence"": 0.780273, ""bbox"": [191, 126, 214, 183]}]"
761,"[{""class_id"": 1, ""class_name"": ""Pedestrian"", ""track_id"": ""14"", ""confidence"": 0.785645, ""bbox"": [192, 125, 215, 181]}]"
762,"[{""class_id"": 1, ""class_name"": ""Pedestrian"", ""track_id"": ""14"", ""confidence"": 0.777832, ""bbox"": [192, 125, 215, 180]}]"
763,"[{""class_id"": 1, ""class_name"": ""Pedestrian"", ""track_id"": ""14"", ""confidence"": 0.779297, ""bbox"": [193, 124, 215, 178]}]"
764,"[{""class_id"": 1, ""class_name"": ""Pedestrian"", ""track_id"": ""14"", ""confidence"": 0.750977, ""bbox"": [193, 124, 214, 177]}]"
765,"[{""class_id"": 1, ""class_name"": ""Pedestrian"", ""track_id"": ""14"", ""confidence"": 0.749512, ""bbox"": [193, 125, 214, 177]}, {""class_id"": 1, ""class_name"": ""Pedestrian"", ""track_id"": ""28"", ""confidence"": 0.69873, ""bbox"": [242, 148, 258, 184]}]"
766,"[{""class_id"": 1, ""class_name"": ""Pedestrian"", ""track_id"": ""14"", ""confidence"": 0.721191, ""bbox"": [192, 124, 213, 173]}, {""class_id"": 1, ""class_name"": ""Pedestrian"", ""track_id"": ""28"", ""confidence"": 0.746094, ""bbox"": [241, 148, 257, 184]}]"
767,"[{""class_id"": 1, ""class_name"": ""Pedestrian"", ""track_id"": ""14"", ""confidence"": 0.716797, ""bbox"": [193, 124, 213, 171]}, {""class_id"": 1, ""class_name"": ""Pedestrian"", ""track_id"": ""28"", ""confidence"": 0.733887, ""bbox"": [241, 146, 257, 183]}]"
768,"[{""class_id"": 1, ""class_name"": ""Pedestrian"", ""track_id"": ""14"", ""confidence"": 0.682617, ""bbox"": [193, 125, 213, 170]}, {""class_id"": 1, ""class_name"": ""Pedestrian"", ""track_id"": ""28"", ""confidence"": 0.708984, ""bbox"": [240, 144, 256, 180]}]"
769,"[{""class_id"": 1, ""class_name"": ""Pedestrian"", ""track_id"": ""14"", ""confidence"": null, ""bbox"": [194, 124, 213, 168]}, {""class_id"": 1, ""class_name"": ""Pedestrian"", ""track_id"": ""28"", ""confidence"": 0.730469, ""bbox"": [240, 143, 256, 180]}]"
770,"[{""class_id"": 1, ""class_name"": ""Pedestrian"", ""track_id"": ""14"", ""confidence"": 0.694824, ""bbox"": [193, 124, 213, 168]}, {""class_id"": 1, ""class_name"": ""Pedestrian"", ""track_id"": ""28"", ""confidence"": 0.737305, ""bbox"": [239, 142, 255, 179]}]"
771,"[{""class_id"": 1, ""class_name"": ""Pedestrian"", ""track_id"": ""14"", ""confidence"": 0.660645, ""bbox"": [192, 124, 212, 168]}, {""class_id"": 1, ""class_name"": ""Pedestrian"", ""track_id"": ""28"", ""confidence"": 0.722656, ""bbox"": [239, 141, 255, 177]}]"
772,"[{""class_id"": 1, ""class_name"": ""Pedestrian"", ""track_id"": ""14"", ""confidence"": null, ""bbox"": [192, 124, 212, 167]}, {""class_id"": 1, ""class_name"": ""Pedestrian"", ""track_id"": ""28"", ""confidence"": 0.722168, ""bbox"": [239, 141, 253, 173]}]"
773,"[{""class_id"": 1, ""class_name"": ""Pedestrian"", ""track_id"": ""14"", ""confidence"": null, ""bbox"": [192, 124, 211, 165]}, {""class_id"": 1, ""class_name"": ""Pedestrian"", ""track_id"": ""28"", ""confidence"": 0.724121, ""bbox"": [239, 141, 253, 172]}]"
774,"[{""class_id"": 1, ""class_name"": ""Pedestrian"", ""track_id"": ""14"", ""confidence"": null, ""bbox"": [192, 123, 211, 164]}, {""class_id"": 1, ""class_name"": ""Pedestrian"", ""track_id"": ""28"", ""confidence"": 0.709961, ""bbox"": [239, 140, 254, 172]}]"
775,"[{""class_id"": 1, ""class_name"": ""Pedestrian"", ""track_id"": ""14"", ""confidence"": 0.689453, ""bbox"": [195, 123, 215, 163]}, {""class_id"": 1, ""class_name"": ""Pedestrian"", ""track_id"": ""28"", ""confidence"": 0.698242, ""bbox"": [238, 140, 253, 171]}]"
776,"[{""class_id"": 1, ""class_name"": ""Pedestrian"", ""track_id"": ""14"", ""confidence"": 0.707031, ""bbox"": [196, 122, 215, 162]}, {""class_id"": 1, ""class_name"": ""Pedestrian"", ""track_id"": ""28"", ""confidence"": null, ""bbox"": [238, 139, 252, 170]}]"
777,"[{""class_id"": 1, ""class_name"": ""Pedestrian"", ""track_id"": ""14"", ""confidence"": null, ""bbox"": [196, 122, 215, 161]}, {""class_id"": 1, ""class_name"": ""Pedestrian"", ""track_id"": ""28"", ""confidence"": 0.687012, ""bbox"": [236, 137, 251, 169]}]"
778,"[{""class_id"": 1, ""class_name"": ""Pedestrian"", ""track_id"": ""14"", ""confidence"": null, ""bbox"": [197, 122, 215, 160]}, {""class_id"": 1, ""class_name"": ""Pedestrian"", ""track_id"": ""28"", ""confidence"": null, ""bbox"": [236, 136, 250, 167]}]"
779,"[{""class_id"": 1, ""class_name"": ""Pedestrian"", ""track_id"": ""14"", ""confidence"": null, ""bbox"": [197, 121, 215, 159]}, {""class_id"": 1, ""class_name"": ""Pedestrian"", ""track_id"": ""28"", ""confidence"": 0.670898, ""bbox"": [238, 137, 251, 165]}]"
780,"[{""class_id"": 1, ""class_name"": ""Pedestrian"", ""track_id"": ""14"", ""confidence"": null, ""bbox"": [198, 121, 216, 157]}, {""class_id"": 1, ""class_name"": ""Pedestrian"", ""track_id"": ""28"", ""confidence"": null, ""bbox"": [238, 136, 251, 163]}]"
781,"[{""class_id"": 1, ""class_name"": ""Pedestrian"", ""track_id"": ""14"", ""confidence"": null, ""bbox"": [198, 121, 216, 156]}, {""class_id"": 1, ""class_name"": ""Pedestrian"", ""track_id"": ""28"", ""confidence"": null, ""bbox"": [238, 136, 250, 162]}]"
782,"[{""class_id"": 1, ""class_name"": ""Pedestrian"", ""track_id"": ""14"", ""confidence"": null, ""bbox"": [199, 120, 216, 155]}, {""class_id"": 1, ""class_name"": ""Pedestrian"", ""track_id"": ""28"", ""confidence"": 0.661133, ""bbox"": [237, 132, 251, 163]}]"
783,"[{""class_id"": 1, ""class_name"": ""Pedestrian"", ""track_id"": ""14"", ""confidence"": null, ""bbox"": [199, 120, 216, 154]}, {""class_id"": 1, ""class_name"": ""Pedestrian"", ""track_id"": ""28"", ""confidence"": 0.731445, ""bbox"": [237, 131, 252, 162]}]"
784,"[{""class_id"": 1, ""class_name"": ""Pedestrian"", ""track_id"": ""14"", ""confidence"": null, ""bbox"": [200, 119, 216, 153]}, {""class_id"": 1, ""class_name"": ""Pedestrian"", ""track_id"": ""28"", ""confidence"": null, ""bbox"": [237, 130, 251, 161]}]"
785,"[{""class_id"": 1, ""class_name"": ""Pedestrian"", ""track_id"": ""14"", ""confidence"": null, ""bbox"": [200, 119, 216, 151]}, {""class_id"": 1, ""class_name"": ""Pedestrian"", ""track_id"": ""28"", ""confidence"": 0.733398, ""bbox"": [237, 128, 251, 158]}]"
786,"[{""class_id"": 1, ""class_name"": ""Pedestrian"", ""track_id"": ""14"", ""confidence"": 0.658203, ""bbox"": [203, 114, 222, 152]}, {""class_id"": 1, ""class_name"": ""Pedestrian"", ""track_id"": ""28"", ""confidence"": 0.710938, ""bbox"": [236, 128, 251, 157]}]"
787,"[{""class_id"": 1, ""class_name"": ""Pedestrian"", ""track_id"": ""14"", ""confidence"": 0.69873, ""bbox"": [204, 113, 222, 151]}, {""class_id"": 1, ""class_name"": ""Pedestrian"", ""track_id"": ""28"", ""confidence"": 0.693359, ""bbox"": [236, 127, 251, 158]}]"
788,"[{""class_id"": 1, ""class_name"": ""Pedestrian"", ""track_id"": ""14"", ""confidence"": 0.678223, ""bbox"": [204, 112, 222, 152]}, {""class_id"": 1, ""class_name"": ""Pedestrian"", ""track_id"": ""28"", ""confidence"": null, ""bbox"": [236, 126, 251, 157]}]"
789,"[{""class_id"": 1, ""class_name"": ""Pedestrian"", ""track_id"": ""14"", ""confidence"": 0.693848, ""bbox"": [204, 111, 223, 152]}, {""class_id"": 1, ""class_name"": ""Pedestrian"", ""track_id"": ""28"", ""confidence"": null, ""bbox"": [235, 125, 251, 156]}]"
790,"[{""class_id"": 1, ""class_name"": ""Pedestrian"", ""track_id"": ""14"", ""confidence"": null, ""bbox"": [204, 110, 223, 151]}, {""class_id"": 1, ""class_name"": ""Pedestrian"", ""track_id"": ""28"", ""confidence"": null, ""bbox"": [235, 125, 251, 155]}]"
791,"[{""class_id"": 1, ""class_name"": ""Pedestrian"", ""track_id"": ""14"", ""confidence"": null, ""bbox"": [205, 109, 224, 150]}, {""class_id"": 1, ""class_name"": ""Pedestrian"", ""track_id"": ""28"", ""confidence"": null, ""bbox"": [235, 124, 251, 154]}]"
792,"[{""class_id"": 1, ""class_name"": ""Pedestrian"", ""track_id"": ""14"", ""confidence"": null, ""bbox"": [205, 108, 224, 150]}, {""class_id"": 1, ""class_name"": ""Pedestrian"", ""track_id"": ""28"", ""confidence"": null, ""bbox"": [235, 123, 250, 153]}]"
793,"[{""class_id"": 1, ""class_name"": ""Pedestrian"", ""track_id"": ""14"", ""confidence"": null, ""bbox"": [206, 107, 225, 149]}, {""class_id"": 1, ""class_name"": ""Pedestrian"", ""track_id"": ""28"", ""confidence"": null, ""bbox"": [235, 122, 250, 152]}]"
794,"[{""class_id"": 1, ""class_name"": ""Pedestrian"", ""track_id"": ""14"", ""confidence"": null, ""bbox"": [206, 107, 225, 148]}, {""class_id"": 1, ""class_name"": ""Pedestrian"", ""track_id"": ""28"", ""confidence"": null, ""bbox"": [235, 121, 250, 150]}]"
795,"[{""class_id"": 1, ""class_name"": ""Pedestrian"", ""track_id"": ""14"", ""confidence"": 0.681641, ""bbox"": [205, 99, 226, 147]}, {""class_id"": 1, ""class_name"": ""Pedestrian"", ""track_id"": ""28"", ""confidence"": null, ""bbox"": [234, 120, 250, 149]}]"
796,"[{""class_id"": 1, ""class_name"": ""Pedestrian"", ""track_id"": ""14"", ""confidence"": 0.714355, ""bbox"": [206, 98, 226, 146]}, {""class_id"": 1, ""class_name"": ""Pedestrian"", ""track_id"": ""28"", ""confidence"": null, ""bbox"": [234, 119, 250, 148]}]"
797,"[{""class_id"": 1, ""class_name"": ""Pedestrian"", ""track_id"": ""14"", ""confidence"": 0.72168, ""bbox"": [206, 97, 225, 145]}, {""class_id"": 1, ""class_name"": ""Pedestrian"", ""track_id"": ""28"", ""confidence"": null, ""bbox"": [234, 118, 249, 147]}, {""class_id"": 1, ""class_name"": ""Pedestrian"", ""track_id"": ""29"", ""confidence"": 0.754883, ""bbox"": [130, 387, 181, 462]}]"
798,"[{""class_id"": 1, ""class_name"": ""Pedestrian"", ""track_id"": ""14"", ""confidence"": 0.712402, ""bbox"": [206, 96, 226, 144]}, {""class_id"": 1, ""class_name"": ""Pedestrian"", ""track_id"": ""29"", ""confidence"": 0.775391, ""bbox"": [128, 380, 184, 460]}]"
799,"[{""class_id"": 1, ""class_name"": ""Pedestrian"", ""track_id"": ""14"", ""confidence"": 0.717285, ""bbox"": [207, 96, 226, 143]}, {""class_id"": 1, ""class_name"": ""Pedestrian"", ""track_id"": ""29"", ""confidence"": 0.777832, ""bbox"": [128, 374, 185, 457]}]"
800,"[{""class_id"": 1, ""class_name"": ""Pedestrian"", ""track_id"": ""14"", ""confidence"": 0.698242, ""bbox"": [208, 96, 226, 142]}, {""class_id"": 1, ""class_name"": ""Pedestrian"", ""track_id"": ""29"", ""confidence"": 0.788574, ""bbox"": [129, 366, 184, 449]}]"
801,"[{""class_id"": 1, ""class_name"": ""Pedestrian"", ""track_id"": ""14"", ""confidence"": 0.713867, ""bbox"": [208, 96, 226, 142]}, {""class_id"": 1, ""class_name"": ""Pedestrian"", ""track_id"": ""29"", ""confidence"": 0.76709, ""bbox"": [132, 360, 182, 436]}]"
802,"[{""class_id"": 1, ""class_name"": ""Pedestrian"", ""track_id"": ""14"", ""confidence"": 0.695801, ""bbox"": [207, 95, 225, 143]}, {""class_id"": 1, ""class_name"": ""Pedestrian"", ""track_id"": ""29"", ""confidence"": 0.795898, ""bbox"": [133, 352, 184, 431]}]"
803,"[{""class_id"": 1, ""class_name"": ""Pedestrian"", ""track_id"": ""14"", ""confidence"": 0.72168, ""bbox"": [207, 95, 224, 141]}, {""class_id"": 1, ""class_name"": ""Pedestrian"", ""track_id"": ""29"", ""confidence"": 0.764648, ""bbox"": [134, 348, 186, 429]}]"
804,"[{""class_id"": 1, ""class_name"": ""Pedestrian"", ""track_id"": ""14"", ""confidence"": 0.717285, ""bbox"": [208, 94, 224, 140]}, {""class_id"": 1, ""class_name"": ""Pedestrian"", ""track_id"": ""29"", ""confidence"": 0.798828, ""bbox"": [136, 343, 189, 425]}]"
805,"[{""class_id"": 1, ""class_name"": ""Pedestrian"", ""track_id"": ""14"", ""confidence"": 0.726074, ""bbox"": [205, 94, 221, 137]}, {""class_id"": 1, ""class_name"": ""Pedestrian"", ""track_id"": ""29"", ""confidence"": 0.820312, ""bbox"": [139, 335, 190, 417]}]"
806,"[{""class_id"": 1, ""class_name"": ""Pedestrian"", ""track_id"": ""14"", ""confidence"": 0.726562, ""bbox"": [203, 94, 221, 137]}, {""class_id"": 1, ""class_name"": ""Pedestrian"", ""track_id"": ""29"", ""confidence"": 0.811035, ""bbox"": [141, 328, 191, 410]}]"
807,"[{""class_id"": 1, ""class_name"": ""Pedestrian"", ""track_id"": ""14"", ""confidence"": 0.732422, ""bbox"": [202, 94, 220, 137]}, {""class_id"": 1, ""class_name"": ""Pedestrian"", ""track_id"": ""29"", ""confidence"": 0.8125, ""bbox"": [143, 324, 191, 404]}]"
808,"[{""class_id"": 1, ""class_name"": ""Pedestrian"", ""track_id"": ""14"", ""confidence"": 0.700684, ""bbox"": [202, 94, 220, 136]}, {""class_id"": 1, ""class_name"": ""Pedestrian"", ""track_id"": ""29"", ""confidence"": 0.8125, ""bbox"": [144, 321, 191, 401]}]"
809,"[{""class_id"": 1, ""class_name"": ""Pedestrian"", ""track_id"": ""14"", ""confidence"": 0.718262, ""bbox"": [205, 93, 223, 135]}, {""class_id"": 1, ""class_name"": ""Pedestrian"", ""track_id"": ""29"", ""confidence"": 0.825684, ""bbox"": [144, 317, 191, 398]}]"
810,"[{""class_id"": 1, ""class_name"": ""Pedestrian"", ""track_id"": ""14"", ""confidence"": 0.705078, ""bbox"": [205, 92, 223, 134]}, {""class_id"": 1, ""class_name"": ""Pedestrian"", ""track_id"": ""29"", ""confidence"": 0.803223, ""bbox"": [145, 311, 192, 394]}]"
811,"[{""class_id"": 1, ""class_name"": ""Pedestrian"", ""track_id"": ""14"", ""confidence"": 0.716797, ""bbox"": [203, 92, 221, 132]}, {""class_id"": 1, ""class_name"": ""Pedestrian"", ""track_id"": ""29"", ""confidence"": 0.812012, ""bbox"": [146, 305, 192, 387]}]"
812,"[{""class_id"": 1, ""class_name"": ""Pedestrian"", ""track_id"": ""14"", ""confidence"": 0.705566, ""bbox"": [202, 92, 220, 132]}, {""class_id"": 1, ""class_name"": ""Pedestrian"", ""track_id"": ""29"", ""confidence"": 0.82373, ""bbox"": [149, 300, 192, 378]}]"
813,"[{""class_id"": 1, ""class_name"": ""Pedestrian"", ""track_id"": ""14"", ""confidence"": 0.67627, ""bbox"": [202, 92, 220, 131]}, {""class_id"": 1, ""class_name"": ""Pedestrian"", ""track_id"": ""29"", ""confidence"": 0.826172, ""bbox"": [150, 295, 194, 375]}]"
814,"[{""class_id"": 1, ""class_name"": ""Pedestrian"", ""track_id"": ""14"", ""confidence"": 0.67627, ""bbox"": [202, 91, 220, 131]}, {""class_id"": 1, ""class_name"": ""Pedestrian"", ""track_id"": ""29"", ""confidence"": 0.824219, ""bbox"": [152, 291, 196, 373]}]"
815,"[{""class_id"": 1, ""class_name"": ""Pedestrian"", ""track_id"": ""14"", ""confidence"": 0.674316, ""bbox"": [204, 90, 222, 130]}, {""class_id"": 1, ""class_name"": ""Pedestrian"", ""track_id"": ""29"", ""confidence"": 0.822266, ""bbox"": [154, 287, 198, 369]}]"
816,"[{""class_id"": 1, ""class_name"": ""Pedestrian"", ""track_id"": ""14"", ""confidence"": 0.675781, ""bbox"": [206, 90, 223, 129]}, {""class_id"": 1, ""class_name"": ""Pedestrian"", ""track_id"": ""29"", ""confidence"": 0.818359, ""bbox"": [157, 282, 199, 362]}]"
817,"[{""class_id"": 1, ""class_name"": ""Pedestrian"", ""track_id"": ""14"", ""confidence"": 0.684082, ""bbox"": [207, 90, 223, 128]}, {""class_id"": 1, ""class_name"": ""Pedestrian"", ""track_id"": ""29"", ""confidence"": 0.827148, ""bbox"": [161, 279, 199, 353]}]"
818,"[{""class_id"": 1, ""class_name"": ""Pedestrian"", ""track_id"": ""14"", ""confidence"": 0.706055, ""bbox"": [207, 90, 223, 129]}, {""class_id"": 1, ""class_name"": ""Pedestrian"", ""track_id"": ""29"", ""confidence"": 0.830078, ""bbox"": [162, 275, 200, 350]}]"
819,"[{""class_id"": 1, ""class_name"": ""Pedestrian"", ""track_id"": ""14"", ""confidence"": 0.687988, ""bbox"": [207, 89, 223, 129]}, {""class_id"": 1, ""class_name"": ""Pedestrian"", ""track_id"": ""29"", ""confidence"": 0.833008, ""bbox"": [162, 272, 201, 348]}]"
820,"[{""class_id"": 1, ""class_name"": ""Pedestrian"", ""track_id"": ""14"", ""confidence"": 0.708496, ""bbox"": [206, 88, 222, 129]}, {""class_id"": 1, ""class_name"": ""Pedestrian"", ""track_id"": ""29"", ""confidence"": 0.824707, ""bbox"": [163, 269, 201, 345]}]"
821,"[{""class_id"": 1, ""class_name"": ""Pedestrian"", ""track_id"": ""14"", ""confidence"": 0.702637, ""bbox"": [206, 87, 222, 129]}, {""class_id"": 1, ""class_name"": ""Pedestrian"", ""track_id"": ""29"", ""confidence"": 0.819824, ""bbox"": [163, 263, 201, 343]}]"
822,"[{""class_id"": 1, ""class_name"": ""Pedestrian"", ""track_id"": ""14"", ""confidence"": 0.664062, ""bbox"": [206, 87, 222, 128]}, {""class_id"": 1, ""class_name"": ""Pedestrian"", ""track_id"": ""29"", ""confidence"": 0.828613, ""bbox"": [164, 259, 200, 333]}]"
823,"[{""class_id"": 1, ""class_name"": ""Pedestrian"", ""track_id"": ""14"", ""confidence"": null, ""bbox"": [206, 87, 222, 128]}, {""class_id"": 1, ""class_name"": ""Pedestrian"", ""track_id"": ""29"", ""confidence"": 0.834473, ""bbox"": [166, 257, 201, 328]}]"
824,"[{""class_id"": 1, ""class_name"": ""Pedestrian"", ""track_id"": ""14"", ""confidence"": null, ""bbox"": [206, 86, 222, 127]}, {""class_id"": 1, ""class_name"": ""Pedestrian"", ""track_id"": ""29"", ""confidence"": 0.833496, ""bbox"": [166, 253, 201, 327]}]"
825,"[{""class_id"": 1, ""class_name"": ""Pedestrian"", ""track_id"": ""14"", ""confidence"": null, ""bbox"": [206, 86, 222, 127]}, {""class_id"": 1, ""class_name"": ""Pedestrian"", ""track_id"": ""29"", ""confidence"": 0.830078, ""bbox"": [167, 250, 203, 325]}]"
826,"[{""class_id"": 1, ""class_name"": ""Pedestrian"", ""track_id"": ""14"", ""confidence"": null, ""bbox"": [206, 85, 222, 126]}, {""class_id"": 1, ""class_name"": ""Pedestrian"", ""track_id"": ""29"", ""confidence"": 0.82666, ""bbox"": [169, 247, 205, 324]}]"
827,"[{""class_id"": 1, ""class_name"": ""Pedestrian"", ""track_id"": ""14"", ""confidence"": null, ""bbox"": [206, 85, 222, 126]}, {""class_id"": 1, ""class_name"": ""Pedestrian"", ""track_id"": ""29"", ""confidence"": 0.824707, ""bbox"": [171, 243, 206, 317]}]"
828,"[{""class_id"": 1, ""class_name"": ""Pedestrian"", ""track_id"": ""14"", ""confidence"": null, ""bbox"": [206, 84, 222, 126]}, {""class_id"": 1, ""class_name"": ""Pedestrian"", ""track_id"": ""29"", ""confidence"": 0.826172, ""bbox"": [172, 239, 205, 309]}]"
829,"[{""class_id"": 1, ""class_name"": ""Pedestrian"", ""track_id"": ""14"", ""confidence"": null, ""bbox"": [206, 84, 222, 125]}, {""class_id"": 1, ""class_name"": ""Pedestrian"", ""track_id"": ""29"", ""confidence"": 0.827148, ""bbox"": [174, 237, 206, 306]}]"
830,"[{""class_id"": 1, ""class_name"": ""Pedestrian"", ""track_id"": ""14"", ""confidence"": null, ""bbox"": [206, 83, 222, 125]}, {""class_id"": 1, ""class_name"": ""Pedestrian"", ""track_id"": ""29"", ""confidence"": 0.829102, ""bbox"": [174, 234, 206, 306]}]"
831,"[{""class_id"": 1, ""class_name"": ""Pedestrian"", ""track_id"": ""14"", ""confidence"": null, ""bbox"": [207, 83, 222, 124]}, {""class_id"": 1, ""class_name"": ""Pedestrian"", ""track_id"": ""29"", ""confidence"": 0.827148, ""bbox"": [174, 231, 207, 304]}]"
832,"[{""class_id"": 1, ""class_name"": ""Pedestrian"", ""track_id"": ""14"", ""confidence"": null, ""bbox"": [207, 82, 222, 124]}, {""class_id"": 1, ""class_name"": ""Pedestrian"", ""track_id"": ""29"", ""confidence"": 0.826172, ""bbox"": [174, 228, 207, 303]}]"
833,"[{""class_id"": 1, ""class_name"": ""Pedestrian"", ""track_id"": ""29"", ""confidence"": 0.826172, ""bbox"": [175, 224, 207, 296]}]"
834,"[{""class_id"": 1, ""class_name"": ""Pedestrian"", ""track_id"": ""29"", ""confidence"": 0.831543, ""bbox"": [176, 221, 206, 290]}]"
835,"[{""class_id"": 1, ""class_name"": ""Pedestrian"", ""track_id"": ""29"", ""confidence"": 0.833984, ""bbox"": [177, 219, 207, 288]}]"
836,"[{""class_id"": 1, ""class_name"": ""Pedestrian"", ""track_id"": ""29"", ""confidence"": 0.833496, ""bbox"": [177, 216, 207, 287]}]"
837,"[{""class_id"": 1, ""class_name"": ""Pedestrian"", ""track_id"": ""29"", ""confidence"": 0.830078, ""bbox"": [177, 214, 208, 286]}]"
838,"[{""class_id"": 1, ""class_name"": ""Pedestrian"", ""track_id"": ""29"", ""confidence"": 0.824219, ""bbox"": [179, 211, 208, 279]}]"
839,"[{""class_id"": 1, ""class_name"": ""Pedestrian"", ""track_id"": ""29"", ""confidence"": 0.825684, ""bbox"": [180, 208, 207, 272]}]"
840,"[{""class_id"": 1, ""class_name"": ""Pedestrian"", ""track_id"": ""29"", ""confidence"": 0.824219, ""bbox"": [180, 206, 207, 271]}]"
841,"[{""class_id"": 1, ""class_name"": ""Pedestrian"", ""track_id"": ""29"", ""confidence"": 0.82373, ""bbox"": [180, 203, 208, 270]}]"
842,"[{""class_id"": 1, ""class_name"": ""Pedestrian"", ""track_id"": ""29"", ""confidence"": 0.826172, ""bbox"": [180, 202, 208, 269]}]"
843,"[{""class_id"": 1, ""class_name"": ""Pedestrian"", ""track_id"": ""29"", ""confidence"": 0.806152, ""bbox"": [180, 199, 208, 269]}, {""class_id"": 1, ""class_name"": ""Pedestrian"", ""track_id"": ""31"", ""confidence"": 0.728027, ""bbox"": [0, 187, 21, 222]}]"
844,"[{""class_id"": 1, ""class_name"": ""Pedestrian"", ""track_id"": ""29"", ""confidence"": 0.80957, ""bbox"": [180, 197, 206, 262]}, {""class_id"": 1, ""class_name"": ""Pedestrian"", ""track_id"": ""31"", ""confidence"": 0.726074, ""bbox"": [0, 187, 21, 222]}]"
845,"[{""class_id"": 1, ""class_name"": ""Pedestrian"", ""track_id"": ""29"", ""confidence"": 0.812988, ""bbox"": [181, 194, 207, 257]}, {""class_id"": 1, ""class_name"": ""Pedestrian"", ""track_id"": ""31"", ""confidence"": 0.743164, ""bbox"": [0, 187, 21, 222]}]"
846,"[{""class_id"": 1, ""class_name"": ""Pedestrian"", ""track_id"": ""29"", ""confidence"": 0.821289, ""bbox"": [182, 192, 207, 256]}, {""class_id"": 1, ""class_name"": ""Pedestrian"", ""track_id"": ""31"", ""confidence"": 0.707031, ""bbox"": [0, 187, 21, 222]}]"
847,"[{""class_id"": 1, ""class_name"": ""Pedestrian"", ""track_id"": ""29"", ""confidence"": 0.828125, ""bbox"": [183, 191, 208, 254]}, {""class_id"": 1, ""class_name"": ""Pedestrian"", ""track_id"": ""31"", ""confidence"": 0.739746, ""bbox"": [0, 187, 21, 222]}]"
848,"[{""class_id"": 1, ""class_name"": ""Pedestrian"", ""track_id"": ""29"", ""confidence"": 0.821289, ""bbox"": [183, 190, 209, 253]}, {""class_id"": 1, ""class_name"": ""Pedestrian"", ""track_id"": ""31"", ""confidence"": 0.680664, ""bbox"": [0, 187, 21, 222]}]"
849,"[{""class_id"": 1, ""class_name"": ""Pedestrian"", ""track_id"": ""29"", ""confidence"": 0.803223, ""bbox"": [185, 187, 210, 248]}, {""class_id"": 1, ""class_name"": ""Pedestrian"", ""track_id"": ""31"", ""confidence"": 0.675781, ""bbox"": [0, 186, 21, 222]}]"
850,"[{""class_id"": 1, ""class_name"": ""Pedestrian"", ""track_id"": ""29"", ""confidence"": 0.821777, ""bbox"": [187, 184, 210, 243]}, {""class_id"": 1, ""class_name"": ""Pedestrian"", ""track_id"": ""31"", ""confidence"": 0.694336, ""bbox"": [0, 186, 21, 222]}]"
851,"[{""class_id"": 1, ""class_name"": ""Pedestrian"", ""track_id"": ""29"", ""confidence"": 0.818359, ""bbox"": [187, 182, 210, 240]}, {""class_id"": 1, ""class_name"": ""Pedestrian"", ""track_id"": ""31"", ""confidence"": 0.712402, ""bbox"": [0, 186, 21, 222]}]"
852,"[{""class_id"": 1, ""class_name"": ""Pedestrian"", ""track_id"": ""29"", ""confidence"": 0.81543, ""bbox"": [187, 180, 211, 239]}, {""class_id"": 1, ""class_name"": ""Pedestrian"", ""track_id"": ""31"", ""confidence"": 0.662598, ""bbox"": [0, 186, 20, 222]}]"
853,"[{""class_id"": 1, ""class_name"": ""Pedestrian"", ""track_id"": ""29"", ""confidence"": 0.822754, ""bbox"": [187, 179, 210, 238]}, {""class_id"": 1, ""class_name"": ""Pedestrian"", ""track_id"": ""31"", ""confidence"": 0.671387, ""bbox"": [0, 186, 21, 222]}]"
854,"[{""class_id"": 1, ""class_name"": ""Pedestrian"", ""track_id"": ""29"", ""confidence"": 0.819824, ""bbox"": [187, 177, 211, 235]}, {""class_id"": 1, ""class_name"": ""Pedestrian"", ""track_id"": ""31"", ""confidence"": 0.691895, ""bbox"": [0, 186, 21, 222]}]"
855,"[{""class_id"": 1, ""class_name"": ""Pedestrian"", ""track_id"": ""29"", ""confidence"": 0.8125, ""bbox"": [188, 174, 211, 232]}, {""class_id"": 1, ""class_name"": ""Pedestrian"", ""track_id"": ""31"", ""confidence"": 0.6875, ""bbox"": [0, 187, 21, 221]}]"
856,"[{""class_id"": 1, ""class_name"": ""Pedestrian"", ""track_id"": ""29"", ""confidence"": 0.819824, ""bbox"": [189, 173, 211, 229]}, {""class_id"": 1, ""class_name"": ""Pedestrian"", ""track_id"": ""31"", ""confidence"": 0.686035, ""bbox"": [0, 187, 21, 221]}]"
857,"[{""class_id"": 1, ""class_name"": ""Pedestrian"", ""track_id"": ""29"", ""confidence"": 0.817383, ""bbox"": [189, 172, 212, 229]}, {""class_id"": 1, ""class_name"": ""Pedestrian"", ""track_id"": ""31"", ""confidence"": 0.683594, ""bbox"": [0, 187, 21, 222]}]"
858,"[{""class_id"": 1, ""class_name"": ""Pedestrian"", ""track_id"": ""29"", ""confidence"": 0.813965, ""bbox"": [189, 169, 213, 228]}, {""class_id"": 1, ""class_name"": ""Pedestrian"", ""track_id"": ""31"", ""confidence"": 0.715332, ""bbox"": [0, 187, 21, 222]}]"
859,"[{""class_id"": 1, ""class_name"": ""Pedestrian"", ""track_id"": ""29"", ""confidence"": 0.812012, ""bbox"": [190, 167, 214, 225]}, {""class_id"": 1, ""class_name"": ""Pedestrian"", ""track_id"": ""31"", ""confidence"": 0.699707, ""bbox"": [0, 187, 21, 222]}]"
860,"[{""class_id"": 1, ""class_name"": ""Pedestrian"", ""track_id"": ""29"", ""confidence"": 0.807617, ""bbox"": [191, 166, 214, 223]}, {""class_id"": 1, ""class_name"": ""Pedestrian"", ""track_id"": ""31"", ""confidence"": null, ""bbox"": [0, 187, 21, 222]}]"
861,"[{""class_id"": 1, ""class_name"": ""Pedestrian"", ""track_id"": ""29"", ""confidence"": 0.802734, ""bbox"": [191, 164, 214, 220]}, {""class_id"": 1, ""class_name"": ""Pedestrian"", ""track_id"": ""31"", ""confidence"": null, ""bbox"": [0, 187, 21, 222]}]"
862,"[{""class_id"": 1, ""class_name"": ""Pedestrian"", ""track_id"": ""29"", ""confidence"": 0.802734, ""bbox"": [191, 162, 214, 217]}, {""class_id"": 1, ""class_name"": ""Pedestrian"", ""track_id"": ""31"", ""confidence"": null, ""bbox"": [0, 187, 21, 222]}]"
863,"[{""class_id"": 1, ""class_name"": ""Pedestrian"", ""track_id"": ""29"", ""confidence"": 0.79834, ""bbox"": [192, 162, 214, 217]}, {""class_id"": 1, ""class_name"": ""Pedestrian"", ""track_id"": ""31"", ""confidence"": null, ""bbox"": [0, 187, 21, 223]}]"
864,"[{""class_id"": 1, ""class_name"": ""Pedestrian"", ""track_id"": ""29"", ""confidence"": 0.786621, ""bbox"": [192, 161, 214, 217]}, {""class_id"": 1, ""class_name"": ""Pedestrian"", ""track_id"": ""31"", ""confidence"": null, ""bbox"": [0, 187, 21, 223]}]"
865,"[{""class_id"": 1, ""class_name"": ""Pedestrian"", ""track_id"": ""29"", ""confidence"": 0.793945, ""bbox"": [192, 160, 214, 212]}, {""class_id"": 1, ""class_name"": ""Pedestrian"", ""track_id"": ""31"", ""confidence"": null, ""bbox"": [0, 187, 21, 223]}]"
866,"[{""class_id"": 1, ""class_name"": ""Pedestrian"", ""track_id"": ""29"", ""confidence"": 0.793945, ""bbox"": [192, 158, 213, 208]}, {""class_id"": 1, ""class_name"": ""Pedestrian"", ""track_id"": ""31"", ""confidence"": null, ""bbox"": [0, 187, 21, 223]}]"
867,"[{""class_id"": 1, ""class_name"": ""Pedestrian"", ""track_id"": ""29"", ""confidence"": 0.798828, ""bbox"": [192, 157, 214, 207]}, {""class_id"": 1, ""class_name"": ""Pedestrian"", ""track_id"": ""31"", ""confidence"": null, ""bbox"": [0, 187, 21, 223]}]"
868,"[{""class_id"": 1, ""class_name"": ""Pedestrian"", ""track_id"": ""29"", ""confidence"": 0.798828, ""bbox"": [192, 155, 214, 207]}, {""class_id"": 1, ""class_name"": ""Pedestrian"", ""track_id"": ""31"", ""confidence"": null, ""bbox"": [0, 187, 21, 223]}]"
869,"[{""class_id"": 1, ""class_name"": ""Pedestrian"", ""track_id"": ""29"", ""confidence"": 0.78418, ""bbox"": [193, 154, 216, 206]}, {""class_id"": 1, ""class_name"": ""Pedestrian"", ""track_id"": ""31"", ""confidence"": 0.654297, ""bbox"": [0, 186, 21, 222]}]"
870,"[{""class_id"": 1, ""class_name"": ""Pedestrian"", ""track_id"": ""29"", ""confidence"": 0.793945, ""bbox"": [193, 153, 216, 203]}, {""class_id"": 1, ""class_name"": ""Pedestrian"", ""track_id"": ""31"", ""confidence"": 0.667969, ""bbox"": [0, 185, 21, 222]}]"
871,"[{""class_id"": 1, ""class_name"": ""Pedestrian"", ""track_id"": ""29"", ""confidence"": 0.791016, ""bbox"": [194, 151, 216, 201]}, {""class_id"": 1, ""class_name"": ""Pedestrian"", ""track_id"": ""31"", ""confidence"": 0.663574, ""bbox"": [0, 185, 21, 221]}]"
872,"[{""class_id"": 1, ""class_name"": ""Pedestrian"", ""track_id"": ""29"", ""confidence"": 0.785156, ""bbox"": [194, 149, 217, 199]}, {""class_id"": 1, ""class_name"": ""Pedestrian"", ""track_id"": ""31"", ""confidence"": null, ""bbox"": [0, 185, 21, 221]}]"
873,"[{""class_id"": 1, ""class_name"": ""Pedestrian"", ""track_id"": ""29"", ""confidence"": 0.775879, ""bbox"": [194, 148, 217, 198]}, {""class_id"": 1, ""class_name"": ""Pedestrian"", ""track_id"": ""31"", ""confidence"": null, ""bbox"": [0, 185, 21, 221]}]"
874,"[{""class_id"": 1, ""class_name"": ""Pedestrian"", ""track_id"": ""29"", ""confidence"": 0.781738, ""bbox"": [194, 147, 216, 198]}, {""class_id"": 1, ""class_name"": ""Pedestrian"", ""track_id"": ""31"", ""confidence"": null, ""bbox"": [0, 185, 21, 221]}]"
875,"[{""class_id"": 1, ""class_name"": ""Pedestrian"", ""track_id"": ""29"", ""confidence"": 0.77832, ""bbox"": [194, 146, 216, 194]}, {""class_id"": 1, ""class_name"": ""Pedestrian"", ""track_id"": ""31"", ""confidence"": null, ""bbox"": [0, 185, 21, 221]}]"
876,"[{""class_id"": 1, ""class_name"": ""Pedestrian"", ""track_id"": ""29"", ""confidence"": 0.772461, ""bbox"": [194, 145, 216, 192]}, {""class_id"": 1, ""class_name"": ""Pedestrian"", ""track_id"": ""31"", ""confidence"": null, ""bbox"": [0, 185, 21, 221]}]"
877,"[{""class_id"": 1, ""class_name"": ""Pedestrian"", ""track_id"": ""29"", ""confidence"": 0.774414, ""bbox"": [194, 143, 216, 190]}, {""class_id"": 1, ""class_name"": ""Pedestrian"", ""track_id"": ""31"", ""confidence"": null, ""bbox"": [0, 185, 21, 221]}]"
878,"[{""class_id"": 1, ""class_name"": ""Pedestrian"", ""track_id"": ""29"", ""confidence"": 0.780273, ""bbox"": [195, 143, 216, 190]}, {""class_id"": 1, ""class_name"": ""Pedestrian"", ""track_id"": ""31"", ""confidence"": null, ""bbox"": [0, 185, 21, 221]}]"
879,"[{""class_id"": 1, ""class_name"": ""Pedestrian"", ""track_id"": ""29"", ""confidence"": 0.779785, ""bbox"": [195, 143, 216, 190]}, {""class_id"": 1, ""class_name"": ""Pedestrian"", ""track_id"": ""31"", ""confidence"": 0.652832, ""bbox"": [0, 185, 21, 222]}]"
880,"[{""class_id"": 1, ""class_name"": ""Pedestrian"", ""track_id"": ""29"", ""confidence"": 0.77832, ""bbox"": [195, 142, 216, 188]}, {""class_id"": 1, ""class_name"": ""Pedestrian"", ""track_id"": ""31"", ""confidence"": 0.654785, ""bbox"": [0, 185, 21, 223]}]"
881,"[{""class_id"": 1, ""class_name"": ""Pedestrian"", ""track_id"": ""29"", ""confidence"": 0.777344, ""bbox"": [195, 141, 216, 187]}, {""class_id"": 1, ""class_name"": ""Pedestrian"", ""track_id"": ""31"", ""confidence"": 0.666504, ""bbox"": [0, 185, 21, 223]}]"
882,"[{""class_id"": 1, ""class_name"": ""Pedestrian"", ""track_id"": ""29"", ""confidence"": 0.76416, ""bbox"": [195, 140, 216, 185]}, {""class_id"": 1, ""class_name"": ""Pedestrian"", ""track_id"": ""31"", ""confidence"": 0.691406, ""bbox"": [0, 185, 21, 223]}]"
883,"[{""class_id"": 1, ""class_name"": ""Pedestrian"", ""track_id"": ""29"", ""confidence"": 0.769531, ""bbox"": [195, 138, 216, 183]}, {""class_id"": 1, ""class_name"": ""Pedestrian"", ""track_id"": ""31"", ""confidence"": 0.714355, ""bbox"": [0, 185, 21, 222]}]"
884,"[{""class_id"": 1, ""class_name"": ""Pedestrian"", ""track_id"": ""29"", ""confidence"": 0.766113, ""bbox"": [194, 137, 215, 181]}, {""class_id"": 1, ""class_name"": ""Pedestrian"", ""track_id"": ""31"", ""confidence"": 0.719727, ""bbox"": [0, 185, 21, 222]}]"
885,"[{""class_id"": 1, ""class_name"": ""Pedestrian"", ""track_id"": ""29"", ""confidence"": 0.746094, ""bbox"": [195, 136, 215, 180]}, {""class_id"": 1, ""class_name"": ""Pedestrian"", ""track_id"": ""31"", ""confidence"": 0.725098, ""bbox"": [0, 185, 21, 222]}]"
886,"[{""class_id"": 1, ""class_name"": ""Pedestrian"", ""track_id"": ""29"", ""confidence"": 0.724121, ""bbox"": [195, 135, 215, 179]}, {""class_id"": 1, ""class_name"": ""Pedestrian"", ""track_id"": ""31"", ""confidence"": 0.698242, ""bbox"": [0, 185, 21, 221]}]"
887,"[{""class_id"": 1, ""class_name"": ""Pedestrian"", ""track_id"": ""29"", ""confidence"": 0.726562, ""bbox"": [194, 132, 215, 176]}, {""class_id"": 1, ""class_name"": ""Pedestrian"", ""track_id"": ""31"", ""confidence"": 0.694336, ""bbox"": [0, 185, 21, 221]}]"
888,"[{""class_id"": 1, ""class_name"": ""Pedestrian"", ""track_id"": ""29"", ""confidence"": 0.753418, ""bbox"": [194, 131, 215, 174]}, {""class_id"": 1, ""class_name"": ""Pedestrian"", ""track_id"": ""31"", ""confidence"": 0.697266, ""bbox"": [0, 185, 21, 221]}]"
889,"[{""class_id"": 1, ""class_name"": ""Pedestrian"", ""track_id"": ""29"", ""confidence"": 0.755859, ""bbox"": [194, 131, 215, 174]}, {""class_id"": 1, ""class_name"": ""Pedestrian"", ""track_id"": ""31"", ""confidence"": 0.705566, ""bbox"": [0, 185, 21, 221]}]"
890,"[{""class_id"": 1, ""class_name"": ""Pedestrian"", ""track_id"": ""29"", ""confidence"": 0.75, ""bbox"": [195, 130, 216, 174]}, {""class_id"": 1, ""class_name"": ""Pedestrian"", ""track_id"": ""31"", ""confidence"": 0.713379, ""bbox"": [0, 185, 21, 221]}]"
891,"[{""class_id"": 1, ""class_name"": ""Pedestrian"", ""track_id"": ""29"", ""confidence"": 0.724609, ""bbox"": [195, 128, 216, 172]}, {""class_id"": 1, ""class_name"": ""Pedestrian"", ""track_id"": ""31"", ""confidence"": 0.709473, ""bbox"": [0, 185, 21, 221]}]"
892,"[{""class_id"": 1, ""class_name"": ""Pedestrian"", ""track_id"": ""29"", ""confidence"": 0.740723, ""bbox"": [195, 127, 216, 171]}, {""class_id"": 1, ""class_name"": ""Pedestrian"", ""track_id"": ""31"", ""confidence"": 0.715332, ""bbox"": [0, 185, 21, 221]}]"
893,"[{""class_id"": 1, ""class_name"": ""Pedestrian"", ""track_id"": ""29"", ""confidence"": 0.699707, ""bbox"": [194, 127, 215, 169]}, {""class_id"": 1, ""class_name"": ""Pedestrian"", ""track_id"": ""31"", ""confidence"": 0.722168, ""bbox"": [0, 186, 21, 221]}]"
894,"[{""class_id"": 1, ""class_name"": ""Pedestrian"", ""track_id"": ""29"", ""confidence"": 0.717773, ""bbox"": [194, 128, 214, 168]}, {""class_id"": 1, ""class_name"": ""Pedestrian"", ""track_id"": ""31"", ""confidence"": 0.65332, ""bbox"": [0, 186, 21, 221]}]"
895,"[{""class_id"": 1, ""class_name"": ""Pedestrian"", ""track_id"": ""29"", ""confidence"": 0.687012, ""bbox"": [194, 127, 214, 168]}, {""class_id"": 1, ""class_name"": ""Pedestrian"", ""track_id"": ""31"", ""confidence"": 0.653809, ""bbox"": [0, 186, 21, 221]}]"
896,"[{""class_id"": 1, ""class_name"": ""Pedestrian"", ""track_id"": ""29"", ""confidence"": 0.736816, ""bbox"": [195, 126, 215, 167]}, {""class_id"": 1, ""class_name"": ""Pedestrian"", ""track_id"": ""31"", ""confidence"": 0.667969, ""bbox"": [0, 186, 21, 222]}]"
897,"[{""class_id"": 1, ""class_name"": ""Pedestrian"", ""track_id"": ""29"", ""confidence"": 0.706055, ""bbox"": [194, 126, 214, 166]}, {""class_id"": 1, ""class_name"": ""Pedestrian"", ""track_id"": ""31"", ""confidence"": 0.683594, ""bbox"": [0, 186, 21, 222]}]"
898,"[{""class_id"": 1, ""class_name"": ""Pedestrian"", ""track_id"": ""29"", ""confidence"": null, ""bbox"": [194, 125, 214, 165]}, {""class_id"": 1, ""class_name"": ""Pedestrian"", ""track_id"": ""31"", ""confidence"": 0.703125, ""bbox"": [0, 186, 21, 222]}]"
899,"[{""class_id"": 1, ""class_name"": ""Pedestrian"", ""track_id"": ""29"", ""confidence"": 0.697754, ""bbox"": [193, 124, 213, 164]}, {""class_id"": 1, ""class_name"": ""Pedestrian"", ""track_id"": ""31"", ""confidence"": 0.658203, ""bbox"": [0, 186, 21, 222]}]"
900,"[{""class_id"": 1, ""class_name"": ""Pedestrian"", ""track_id"": ""29"", ""confidence"": 0.658203, ""bbox"": [193, 125, 212, 163]}, {""class_id"": 1, ""class_name"": ""Pedestrian"", ""track_id"": ""31"", ""confidence"": 0.688965, ""bbox"": [0, 186, 21, 222]}]"
901,"[{""class_id"": 1, ""class_name"": ""Pedestrian"", ""track_id"": ""29"", ""confidence"": 0.67334, ""bbox"": [194, 124, 213, 162]}, {""class_id"": 1, ""class_name"": ""Pedestrian"", ""track_id"": ""31"", ""confidence"": 0.697754, ""bbox"": [0, 185, 21, 222]}]"
902,"[{""class_id"": 1, ""class_name"": ""Pedestrian"", ""track_id"": ""29"", ""confidence"": null, ""bbox"": [194, 124, 213, 161]}, {""class_id"": 1, ""class_name"": ""Pedestrian"", ""track_id"": ""31"", ""confidence"": 0.717773, ""bbox"": [0, 185, 21, 222]}]"
903,"[{""class_id"": 1, ""class_name"": ""Pedestrian"", ""track_id"": ""29"", ""confidence"": null, ""bbox"": [194, 123, 213, 159]}, {""class_id"": 1, ""class_name"": ""Pedestrian"", ""track_id"": ""31"", ""confidence"": 0.683594, ""bbox"": [0, 185, 21, 222]}]"
904,"[{""class_id"": 1, ""class_name"": ""Pedestrian"", ""track_id"": ""29"", ""confidence"": null, ""bbox"": [194, 123, 212, 158]}, {""class_id"": 1, ""class_name"": ""Pedestrian"", ""track_id"": ""31"", ""confidence"": 0.686035, ""bbox"": [0, 185, 21, 222]}]"
905,"[{""class_id"": 1, ""class_name"": ""Pedestrian"", ""track_id"": ""29"", ""confidence"": null, ""bbox"": [194, 122, 212, 157]}, {""class_id"": 1, ""class_name"": ""Pedestrian"", ""track_id"": ""31"", ""confidence"": 0.660645, ""bbox"": [0, 185, 21, 221]}]"
906,"[{""class_id"": 1, ""class_name"": ""Pedestrian"", ""track_id"": ""29"", ""confidence"": null, ""bbox"": [194, 121, 212, 156]}, {""class_id"": 1, ""class_name"": ""Pedestrian"", ""track_id"": ""31"", ""confidence"": 0.652344, ""bbox"": [0, 185, 21, 222]}]"
907,"[{""class_id"": 1, ""class_name"": ""Pedestrian"", ""track_id"": ""29"", ""confidence"": null, ""bbox"": [194, 121, 212, 155]}, {""class_id"": 1, ""class_name"": ""Pedestrian"", ""track_id"": ""31"", ""confidence"": 0.687012, ""bbox"": [0, 185, 21, 222]}]"
908,"[{""class_id"": 1, ""class_name"": ""Pedestrian"", ""track_id"": ""29"", ""confidence"": null, ""bbox"": [194, 120, 212, 154]}, {""class_id"": 1, ""class_name"": ""Pedestrian"", ""track_id"": ""31"", ""confidence"": 0.706055, ""bbox"": [0, 185, 20, 222]}]"
909,"[{""class_id"": 1, ""class_name"": ""Pedestrian"", ""track_id"": ""29"", ""confidence"": null, ""bbox"": [194, 120, 211, 153]}, {""class_id"": 1, ""class_name"": ""Pedestrian"", ""track_id"": ""31"", ""confidence"": 0.705078, ""bbox"": [0, 185, 20, 222]}]"
910,"[{""class_id"": 1, ""class_name"": ""Pedestrian"", ""track_id"": ""29"", ""confidence"": null, ""bbox"": [195, 119, 211, 151]}, {""class_id"": 1, ""class_name"": ""Pedestrian"", ""track_id"": ""31"", ""confidence"": 0.711914, ""bbox"": [0, 185, 20, 221]}]"
911,"[{""class_id"": 1, ""class_name"": ""Pedestrian"", ""track_id"": ""29"", ""confidence"": null, ""bbox"": [195, 118, 211, 150]}, {""class_id"": 1, ""class_name"": ""Pedestrian"", ""track_id"": ""31"", ""confidence"": 0.715332, ""bbox"": [0, 185, 21, 221]}]"
912,"[{""class_id"": 1, ""class_name"": ""Pedestrian"", ""track_id"": ""31"", ""confidence"": 0.750977, ""bbox"": [0, 186, 20, 221]}]"
913,"[{""class_id"": 1, ""class_name"": ""Pedestrian"", ""track_id"": ""31"", ""confidence"": 0.760254, ""bbox"": [0, 186, 20, 221]}]"
914,"[{""class_id"": 1, ""class_name"": ""Pedestrian"", ""track_id"": ""31"", ""confidence"": 0.749512, ""bbox"": [0, 186, 20, 221]}]"
915,"[{""class_id"": 1, ""class_name"": ""Pedestrian"", ""track_id"": ""31"", ""confidence"": 0.73291, ""bbox"": [0, 187, 20, 221]}]"
916,"[{""class_id"": 1, ""class_name"": ""Pedestrian"", ""track_id"": ""31"", ""confidence"": 0.743164, ""bbox"": [0, 187, 20, 221]}]"
917,"[{""class_id"": 1, ""class_name"": ""Pedestrian"", ""track_id"": ""31"", ""confidence"": 0.745117, ""bbox"": [0, 187, 20, 221]}]"
918,"[{""class_id"": 1, ""class_name"": ""Pedestrian"", ""track_id"": ""31"", ""confidence"": 0.744141, ""bbox"": [0, 187, 20, 221]}]"
919,"[{""class_id"": 1, ""class_name"": ""Pedestrian"", ""track_id"": ""31"", ""confidence"": 0.731445, ""bbox"": [0, 187, 20, 221]}]"
920,"[{""class_id"": 1, ""class_name"": ""Pedestrian"", ""track_id"": ""31"", ""confidence"": 0.762207, ""bbox"": [0, 187, 20, 221]}]"
921,"[{""class_id"": 1, ""class_name"": ""Pedestrian"", ""track_id"": ""31"", ""confidence"": 0.761719, ""bbox"": [0, 187, 20, 221]}]"
922,"[{""class_id"": 1, ""class_name"": ""Pedestrian"", ""track_id"": ""31"", ""confidence"": 0.766113, ""bbox"": [0, 187, 20, 221]}]"
923,"[{""class_id"": 1, ""class_name"": ""Pedestrian"", ""track_id"": ""31"", ""confidence"": 0.768066, ""bbox"": [0, 187, 20, 221]}]"
924,"[{""class_id"": 1, ""class_name"": ""Pedestrian"", ""track_id"": ""31"", ""confidence"": 0.768066, ""bbox"": [0, 187, 20, 221]}]"
925,"[{""class_id"": 1, ""class_name"": ""Pedestrian"", ""track_id"": ""31"", ""confidence"": 0.768555, ""bbox"": [0, 187, 20, 221]}]"
926,"[{""class_id"": 1, ""class_name"": ""Pedestrian"", ""track_id"": ""31"", ""confidence"": 0.760742, ""bbox"": [0, 186, 20, 221]}]"
927,"[{""class_id"": 1, ""class_name"": ""Pedestrian"", ""track_id"": ""31"", ""confidence"": 0.754883, ""bbox"": [0, 186, 20, 221]}]"
928,"[{""class_id"": 1, ""class_name"": ""Pedestrian"", ""track_id"": ""31"", ""confidence"": 0.753906, ""bbox"": [0, 186, 20, 220]}]"
929,"[{""class_id"": 1, ""class_name"": ""Pedestrian"", ""track_id"": ""31"", ""confidence"": 0.755371, ""bbox"": [0, 186, 20, 221]}]"
930,"[{""class_id"": 1, ""class_name"": ""Pedestrian"", ""track_id"": ""31"", ""confidence"": 0.767578, ""bbox"": [0, 186, 20, 221]}]"
931,"[{""class_id"": 1, ""class_name"": ""Pedestrian"", ""track_id"": ""31"", ""confidence"": 0.751465, ""bbox"": [0, 186, 20, 221]}, {""class_id"": 1, ""class_name"": ""Pedestrian"", ""track_id"": ""41"", ""confidence"": 0.67041, ""bbox"": [207, 102, 220, 136]}]"
932,"[{""class_id"": 1, ""class_name"": ""Pedestrian"", ""track_id"": ""31"", ""confidence"": 0.751953, ""bbox"": [0, 186, 20, 221]}, {""class_id"": 1, ""class_name"": ""Pedestrian"", ""track_id"": ""41"", ""confidence"": 0.699707, ""bbox"": [208, 100, 221, 135]}]"
933,"[{""class_id"": 1, ""class_name"": ""Pedestrian"", ""track_id"": ""31"", ""confidence"": 0.759766, ""bbox"": [0, 186, 20, 221]}, {""class_id"": 1, ""class_name"": ""Pedestrian"", ""track_id"": ""41"", ""confidence"": 0.650879, ""bbox"": [208, 99, 222, 135]}]"
934,"[{""class_id"": 1, ""class_name"": ""Pedestrian"", ""track_id"": ""31"", ""confidence"": 0.76123, ""bbox"": [0, 186, 20, 221]}, {""class_id"": 1, ""class_name"": ""Pedestrian"", ""track_id"": ""41"", ""confidence"": null, ""bbox"": [208, 98, 223, 135]}]"
935,"[{""class_id"": 1, ""class_name"": ""Pedestrian"", ""track_id"": ""31"", ""confidence"": 0.760742, ""bbox"": [0, 187, 20, 222]}, {""class_id"": 1, ""class_name"": ""Pedestrian"", ""track_id"": ""41"", ""confidence"": null, ""bbox"": [208, 97, 223, 134]}]"
936,"[{""class_id"": 1, ""class_name"": ""Pedestrian"", ""track_id"": ""31"", ""confidence"": 0.756836, ""bbox"": [0, 186, 20, 221]}, {""class_id"": 1, ""class_name"": ""Pedestrian"", ""track_id"": ""41"", ""confidence"": null, ""bbox"": [209, 96, 224, 134]}]"
937,"[{""class_id"": 1, ""class_name"": ""Pedestrian"", ""track_id"": ""31"", ""confidence"": 0.759277, ""bbox"": [0, 186, 20, 221]}, {""class_id"": 1, ""class_name"": ""Pedestrian"", ""track_id"": ""41"", ""confidence"": null, ""bbox"": [209, 95, 224, 133]}]"
938,"[{""class_id"": 1, ""class_name"": ""Pedestrian"", ""track_id"": ""31"", ""confidence"": 0.767578, ""bbox"": [0, 186, 20, 221]}, {""class_id"": 1, ""class_name"": ""Pedestrian"", ""track_id"": ""41"", ""confidence"": 0.725586, ""bbox"": [206, 94, 221, 130]}]"
939,"[{""class_id"": 1, ""class_name"": ""Pedestrian"", ""track_id"": ""31"", ""confidence"": 0.769043, ""bbox"": [0, 186, 20, 221]}, {""class_id"": 1, ""class_name"": ""Pedestrian"", ""track_id"": ""41"", ""confidence"": 0.722168, ""bbox"": [205, 94, 220, 128]}]"
940,"[{""class_id"": 1, ""class_name"": ""Pedestrian"", ""track_id"": ""31"", ""confidence"": 0.780273, ""bbox"": [0, 186, 20, 221]}, {""class_id"": 1, ""class_name"": ""Pedestrian"", ""track_id"": ""41"", ""confidence"": 0.717285, ""bbox"": [208, 95, 222, 128]}]"
941,"[{""class_id"": 1, ""class_name"": ""Pedestrian"", ""track_id"": ""31"", ""confidence"": 0.780273, ""bbox"": [0, 187, 20, 222]}, {""class_id"": 1, ""class_name"": ""Pedestrian"", ""track_id"": ""41"", ""confidence"": 0.731445, ""bbox"": [209, 94, 223, 128]}]"
942,"[{""class_id"": 1, ""class_name"": ""Pedestrian"", ""track_id"": ""31"", ""confidence"": 0.77832, ""bbox"": [0, 187, 20, 222]}, {""class_id"": 1, ""class_name"": ""Pedestrian"", ""track_id"": ""41"", ""confidence"": 0.716309, ""bbox"": [209, 94, 224, 127]}]"
943,"[{""class_id"": 1, ""class_name"": ""Pedestrian"", ""track_id"": ""31"", ""confidence"": 0.77832, ""bbox"": [0, 187, 21, 222]}, {""class_id"": 1, ""class_name"": ""Pedestrian"", ""track_id"": ""41"", ""confidence"": 0.674316, ""bbox"": [209, 93, 224, 127]}]"
944,"[{""class_id"": 1, ""class_name"": ""Pedestrian"", ""track_id"": ""31"", ""confidence"": 0.760742, ""bbox"": [0, 186, 21, 222]}, {""class_id"": 1, ""class_name"": ""Pedestrian"", ""track_id"": ""41"", ""confidence"": 0.666504, ""bbox"": [209, 92, 224, 126]}]"
945,"[{""class_id"": 1, ""class_name"": ""Pedestrian"", ""track_id"": ""31"", ""confidence"": 0.719727, ""bbox"": [0, 186, 21, 222]}, {""class_id"": 1, ""class_name"": ""Pedestrian"", ""track_id"": ""41"", ""confidence"": null, ""bbox"": [210, 91, 224, 125]}]"
946,"[{""class_id"": 1, ""class_name"": ""Pedestrian"", ""track_id"": ""31"", ""confidence"": 0.72168, ""bbox"": [0, 186, 21, 222]}, {""class_id"": 1, ""class_name"": ""Pedestrian"", ""track_id"": ""41"", ""confidence"": null, ""bbox"": [210, 90, 224, 124]}]"
947,"[{""class_id"": 1, ""class_name"": ""Pedestrian"", ""track_id"": ""31"", ""confidence"": 0.743164, ""bbox"": [0, 185, 21, 222]}, {""class_id"": 1, ""class_name"": ""Pedestrian"", ""track_id"": ""41"", ""confidence"": null, ""bbox"": [210, 89, 225, 123]}]"
948,"[{""class_id"": 1, ""class_name"": ""Pedestrian"", ""track_id"": ""31"", ""confidence"": 0.754395, ""bbox"": [0, 185, 21, 221]}, {""class_id"": 1, ""class_name"": ""Pedestrian"", ""track_id"": ""41"", ""confidence"": null, ""bbox"": [211, 89, 225, 123]}]"
949,"[{""class_id"": 1, ""class_name"": ""Pedestrian"", ""track_id"": ""31"", ""confidence"": 0.760742, ""bbox"": [0, 186, 20, 221]}, {""class_id"": 1, ""class_name"": ""Pedestrian"", ""track_id"": ""41"", ""confidence"": null, ""bbox"": [211, 88, 225, 122]}]"
950,"[{""class_id"": 1, ""class_name"": ""Pedestrian"", ""track_id"": ""31"", ""confidence"": 0.758789, ""bbox"": [0, 186, 20, 221]}, {""class_id"": 1, ""class_name"": ""Pedestrian"", ""track_id"": ""41"", ""confidence"": 0.702637, ""bbox"": [210, 88, 224, 121]}]"
951,"[{""class_id"": 1, ""class_name"": ""Pedestrian"", ""track_id"": ""31"", ""confidence"": 0.754395, ""bbox"": [0, 186, 20, 221]}, {""class_id"": 1, ""class_name"": ""Pedestrian"", ""track_id"": ""41"", ""confidence"": 0.67627, ""bbox"": [210, 88, 224, 121]}]"
952,"[{""class_id"": 1, ""class_name"": ""Pedestrian"", ""track_id"": ""31"", ""confidence"": 0.768555, ""bbox"": [0, 187, 20, 221]}, {""class_id"": 1, ""class_name"": ""Pedestrian"", ""track_id"": ""41"", ""confidence"": null, ""bbox"": [211, 88, 224, 120]}]"
953,"[{""class_id"": 1, ""class_name"": ""Pedestrian"", ""track_id"": ""31"", ""confidence"": 0.766113, ""bbox"": [0, 187, 20, 222]}, {""class_id"": 1, ""class_name"": ""Pedestrian"", ""track_id"": ""41"", ""confidence"": null, ""bbox"": [211, 87, 224, 119]}]"
954,"[{""class_id"": 1, ""class_name"": ""Pedestrian"", ""track_id"": ""31"", ""confidence"": 0.764648, ""bbox"": [0, 187, 20, 222]}, {""class_id"": 1, ""class_name"": ""Pedestrian"", ""track_id"": ""41"", ""confidence"": null, ""bbox"": [211, 87, 224, 118]}]"
955,"[{""class_id"": 1, ""class_name"": ""Pedestrian"", ""track_id"": ""31"", ""confidence"": 0.747559, ""bbox"": [0, 187, 20, 222]}, {""class_id"": 1, ""class_name"": ""Pedestrian"", ""track_id"": ""41"", ""confidence"": 0.654785, ""bbox"": [213, 87, 226, 117]}]"
956,"[{""class_id"": 1, ""class_name"": ""Pedestrian"", ""track_id"": ""31"", ""confidence"": 0.721191, ""bbox"": [0, 186, 21, 222]}, {""class_id"": 1, ""class_name"": ""Pedestrian"", ""track_id"": ""41"", ""confidence"": 0.677246, ""bbox"": [213, 87, 226, 117]}]"
957,"[{""class_id"": 1, ""class_name"": ""Pedestrian"", ""track_id"": ""31"", ""confidence"": null, ""bbox"": [0, 186, 21, 222]}, {""class_id"": 1, ""class_name"": ""Pedestrian"", ""track_id"": ""41"", ""confidence"": null, ""bbox"": [213, 86, 227, 116]}]"
958,"[{""class_id"": 1, ""class_name"": ""Pedestrian"", ""track_id"": ""31"", ""confidence"": 0.657227, ""bbox"": [0, 186, 21, 222]}, {""class_id"": 1, ""class_name"": ""Pedestrian"", ""track_id"": ""41"", ""confidence"": null, ""bbox"": [214, 86, 227, 116]}]"
959,"[{""class_id"": 1, ""class_name"": ""Pedestrian"", ""track_id"": ""31"", ""confidence"": null, ""bbox"": [0, 185, 21, 222]}, {""class_id"": 1, ""class_name"": ""Pedestrian"", ""track_id"": ""41"", ""confidence"": null, ""bbox"": [214, 85, 227, 115]}]"
960,"[{""class_id"": 1, ""class_name"": ""Pedestrian"", ""track_id"": ""31"", ""confidence"": 0.690918, ""bbox"": [0, 186, 21, 222]}, {""class_id"": 1, ""class_name"": ""Pedestrian"", ""track_id"": ""41"", ""confidence"": 0.694336, ""bbox"": [211, 85, 224, 114]}]"
961,"[{""class_id"": 1, ""class_name"": ""Pedestrian"", ""track_id"": ""31"", ""confidence"": 0.70459, ""bbox"": [0, 186, 21, 222]}, {""class_id"": 1, ""class_name"": ""Pedestrian"", ""track_id"": ""41"", ""confidence"": 0.705566, ""bbox"": [212, 84, 224, 114]}]"
962,"[{""class_id"": 1, ""class_name"": ""Pedestrian"", ""track_id"": ""31"", ""confidence"": 0.720703, ""bbox"": [0, 186, 21, 223]}, {""class_id"": 1, ""class_name"": ""Pedestrian"", ""track_id"": ""41"", ""confidence"": 0.672852, ""bbox"": [212, 84, 224, 113]}]"
963,"[{""class_id"": 1, ""class_name"": ""Pedestrian"", ""track_id"": ""31"", ""confidence"": 0.6875, ""bbox"": [0, 186, 21, 222]}, {""class_id"": 1, ""class_name"": ""Pedestrian"", ""track_id"": ""41"", ""confidence"": 0.679199, ""bbox"": [212, 83, 225, 113]}]"
964,"[{""class_id"": 1, ""class_name"": ""Pedestrian"", ""track_id"": ""31"", ""confidence"": null, ""bbox"": [0, 186, 21, 222]}, {""class_id"": 1, ""class_name"": ""Pedestrian"", ""track_id"": ""41"", ""confidence"": 0.673828, ""bbox"": [212, 83, 225, 113]}]"
965,"[{""class_id"": 1, ""class_name"": ""Pedestrian"", ""track_id"": ""31"", ""confidence"": null, ""bbox"": [0, 186, 21, 222]}, {""class_id"": 1, ""class_name"": ""Pedestrian"", ""track_id"": ""41"", ""confidence"": null, ""bbox"": [212, 83, 225, 113]}]"
966,"[{""class_id"": 1, ""class_name"": ""Pedestrian"", ""track_id"": ""31"", ""confidence"": null, ""bbox"": [0, 186, 21, 222]}, {""class_id"": 1, ""class_name"": ""Pedestrian"", ""track_id"": ""41"", ""confidence"": 0.65332, ""bbox"": [212, 82, 225, 112]}]"
967,"[{""class_id"": 1, ""class_name"": ""Pedestrian"", ""track_id"": ""31"", ""confidence"": null, ""bbox"": [0, 186, 21, 222]}, {""class_id"": 1, ""class_name"": ""Pedestrian"", ""track_id"": ""41"", ""confidence"": 0.683105, ""bbox"": [211, 81, 225, 111]}]"
968,"[{""class_id"": 1, ""class_name"": ""Pedestrian"", ""track_id"": ""31"", ""confidence"": null, ""bbox"": [0, 186, 21, 222]}, {""class_id"": 1, ""class_name"": ""Pedestrian"", ""track_id"": ""41"", ""confidence"": null, ""bbox"": [212, 81, 225, 111]}]"
969,"[{""class_id"": 1, ""class_name"": ""Pedestrian"", ""track_id"": ""31"", ""confidence"": null, ""bbox"": [0, 186, 21, 222]}, {""class_id"": 1, ""class_name"": ""Pedestrian"", ""track_id"": ""41"", ""confidence"": null, ""bbox"": [212, 80, 225, 110]}]"
970,"[{""class_id"": 1, ""class_name"": ""Pedestrian"", ""track_id"": ""31"", ""confidence"": null, ""bbox"": [0, 186, 21, 222]}, {""class_id"": 1, ""class_name"": ""Pedestrian"", ""track_id"": ""41"", ""confidence"": null, ""bbox"": [212, 80, 225, 110]}]"
971,"[{""class_id"": 1, ""class_name"": ""Pedestrian"", ""track_id"": ""31"", ""confidence"": null, ""bbox"": [0, 186, 21, 222]}, {""class_id"": 1, ""class_name"": ""Pedestrian"", ""track_id"": ""41"", ""confidence"": null, ""bbox"": [212, 79, 225, 109]}]"
972,"[{""class_id"": 1, ""class_name"": ""Pedestrian"", ""track_id"": ""31"", ""confidence"": null, ""bbox"": [0, 186, 21, 222]}, {""class_id"": 1, ""class_name"": ""Pedestrian"", ""track_id"": ""41"", ""confidence"": null, ""bbox"": [212, 79, 225, 109]}]"
973,"[{""class_id"": 1, ""class_name"": ""Pedestrian"", ""track_id"": ""31"", ""confidence"": null, ""bbox"": [0, 185, 21, 222]}, {""class_id"": 1, ""class_name"": ""Pedestrian"", ""track_id"": ""41"", ""confidence"": null, ""bbox"": [212, 79, 225, 108]}]"
974,"[{""class_id"": 1, ""class_name"": ""Pedestrian"", ""track_id"": ""41"", ""confidence"": null, ""bbox"": [212, 78, 225, 108]}]"
975,"[{""class_id"": 1, ""class_name"": ""Pedestrian"", ""track_id"": ""41"", ""confidence"": null, ""bbox"": [212, 78, 225, 107]}]"
976,"[{""class_id"": 1, ""class_name"": ""Pedestrian"", ""track_id"": ""41"", ""confidence"": null, ""bbox"": [212, 77, 224, 106]}]"
977,"[{""class_id"": 1, ""class_name"": ""Pedestrian"", ""track_id"": ""41"", ""confidence"": null, ""bbox"": [212, 77, 224, 106]}]"
978,[]
979,[]
980,[]
981,[]
982,[]
983,[]
984,[]
985,[]
986,[]
987,[]
988,[]
989,[]
990,[]
991,[]
992,[]
993,[]
994,[]
995,[]
996,[]
997,[]
998,[]
999,[]
1000,[]
1001,[]
1002,[]
1003,[]
1004,[]
1005,[]
1006,[]
1007,[]
1008,[]
1009,[]
1010,[]
1011,[]
1012,[]
1013,[]
1014,[]
1015,[]
1016,[]
1017,[]
1018,[]
1019,[]
1020,[]
1021,[]
1022,[]
1023,[]
1024,[]
1025,[]
1026,[]
1027,[]
1028,[]
1029,[]
1030,[]
1031,[]
1032,[]
1033,[]
1034,[]
1035,[]
1036,[]
1037,[]
1038,[]
1039,[]
1040,[]
1041,[]
1042,[]
1043,[]
1044,[]
1045,[]
1046,[]
1047,[]
1048,[]
1049,[]
1050,[]
1051,[]
1052,[]
1053,[]
1054,[]
1055,[]
1056,[]
1057,[]
1058,[]
1059,[]
1060,[]
1061,[]
1062,[]
1063,[]
1064,[]
1065,[]
1066,[]
1067,[]
1068,[]
1069,[]
1070,[]
1071,[]
1072,[]
1073,"[{""class_id"": 1, ""class_name"": ""Pedestrian"", ""track_id"": ""43"", ""confidence"": 0.681152, ""bbox"": [0, 186, 20, 222]}]"
1074,"[{""class_id"": 1, ""class_name"": ""Pedestrian"", ""track_id"": ""43"", ""confidence"": 0.685059, ""bbox"": [0, 186, 20, 222]}]"
1075,"[{""class_id"": 1, ""class_name"": ""Pedestrian"", ""track_id"": ""43"", ""confidence"": 0.689941, ""bbox"": [0, 186, 20, 222]}]"
1076,"[{""class_id"": 1, ""class_name"": ""Pedestrian"", ""track_id"": ""43"", ""confidence"": 0.664062, ""bbox"": [0, 186, 20, 222]}]"
1077,"[{""class_id"": 1, ""class_name"": ""Pedestrian"", ""track_id"": ""43"", ""confidence"": 0.657715, ""bbox"": [0, 186, 20, 222]}]"
1078,"[{""class_id"": 1, ""class_name"": ""Pedestrian"", ""track_id"": ""43"", ""confidence"": 0.665039, ""bbox"": [0, 186, 20, 222]}]"
1079,"[{""class_id"": 1, ""class_name"": ""Pedestrian"", ""track_id"": ""43"", ""confidence"": null, ""bbox"": [0, 186, 20, 222]}]"
1080,"[{""class_id"": 1, ""class_name"": ""Pedestrian"", ""track_id"": ""43"", ""confidence"": null, ""bbox"": [0, 186, 20, 222]}]"
1081,"[{""class_id"": 1, ""class_name"": ""Pedestrian"", ""track_id"": ""43"", ""confidence"": null, ""bbox"": [0, 186, 20, 222]}]"
1082,"[{""class_id"": 1, ""class_name"": ""Pedestrian"", ""track_id"": ""43"", ""confidence"": null, ""bbox"": [0, 186, 20, 222]}]"
1083,"[{""class_id"": 1, ""class_name"": ""Pedestrian"", ""track_id"": ""43"", ""confidence"": null, ""bbox"": [0, 186, 20, 222]}]"
1084,"[{""class_id"": 1, ""class_name"": ""Pedestrian"", ""track_id"": ""43"", ""confidence"": null, ""bbox"": [0, 186, 20, 222]}]"
1085,"[{""class_id"": 1, ""class_name"": ""Pedestrian"", ""track_id"": ""43"", ""confidence"": null, ""bbox"": [0, 186, 20, 222]}]"
1086,"[{""class_id"": 1, ""class_name"": ""Pedestrian"", ""track_id"": ""43"", ""confidence"": null, ""bbox"": [0, 186, 20, 222]}]"
1087,"[{""class_id"": 1, ""class_name"": ""Pedestrian"", ""track_id"": ""43"", ""confidence"": null, ""bbox"": [0, 186, 20, 222]}]"
1088,"[{""class_id"": 1, ""class_name"": ""Pedestrian"", ""track_id"": ""43"", ""confidence"": null, ""bbox"": [0, 186, 20, 222]}]"
1089,[]
1090,[]
1091,[]
1092,[]
1093,[]
1094,[]
1095,[]
1096,[]
1097,[]
1098,[]
1099,[]
1100,[]
1101,[]
1102,[]
1103,[]
1104,[]
1105,[]
1106,[]
1107,[]
1108,[]
1109,[]
1110,[]
1111,[]
1112,[]
1113,[]
1114,[]
1115,[]
1116,"[{""class_id"": 0, ""class_name"": ""Cyclist"", ""track_id"": ""4"", ""confidence"": 0.723633, ""bbox"": [249, 69, 270, 113]}]"
1117,"[{""class_id"": 0, ""class_name"": ""Cyclist"", ""track_id"": ""4"", ""confidence"": 0.723145, ""bbox"": [248, 70, 271, 115]}]"
1118,"[{""class_id"": 0, ""class_name"": ""Cyclist"", ""track_id"": ""4"", ""confidence"": 0.719238, ""bbox"": [248, 71, 270, 116]}]"
1119,"[{""class_id"": 0, ""class_name"": ""Cyclist"", ""track_id"": ""4"", ""confidence"": 0.71875, ""bbox"": [247, 72, 270, 117]}]"
1120,"[{""class_id"": 0, ""class_name"": ""Cyclist"", ""track_id"": ""4"", ""confidence"": 0.722656, ""bbox"": [247, 74, 270, 118]}]"
1121,"[{""class_id"": 0, ""class_name"": ""Cyclist"", ""track_id"": ""4"", ""confidence"": 0.711914, ""bbox"": [248, 76, 270, 120]}]"
1122,"[{""class_id"": 0, ""class_name"": ""Cyclist"", ""track_id"": ""4"", ""confidence"": null, ""bbox"": [248, 77, 270, 121]}]"
1123,"[{""class_id"": 0, ""class_name"": ""Cyclist"", ""track_id"": ""4"", ""confidence"": 0.717773, ""bbox"": [248, 79, 271, 126]}]"
1124,"[{""class_id"": 0, ""class_name"": ""Cyclist"", ""track_id"": ""4"", ""confidence"": 0.716309, ""bbox"": [248, 82, 272, 129]}]"
1125,"[{""class_id"": 0, ""class_name"": ""Cyclist"", ""track_id"": ""4"", ""confidence"": 0.72168, ""bbox"": [248, 84, 273, 133]}]"
1126,"[{""class_id"": 0, ""class_name"": ""Cyclist"", ""track_id"": ""4"", ""confidence"": 0.723145, ""bbox"": [249, 86, 274, 136]}]"
1127,"[{""class_id"": 0, ""class_name"": ""Cyclist"", ""track_id"": ""4"", ""confidence"": 0.727539, ""bbox"": [250, 89, 275, 139]}]"
1128,"[{""class_id"": 0, ""class_name"": ""Cyclist"", ""track_id"": ""4"", ""confidence"": 0.714355, ""bbox"": [250, 93, 275, 142]}]"
1129,"[{""class_id"": 0, ""class_name"": ""Cyclist"", ""track_id"": ""4"", ""confidence"": 0.703125, ""bbox"": [252, 96, 276, 144]}]"
1130,"[{""class_id"": 0, ""class_name"": ""Cyclist"", ""track_id"": ""4"", ""confidence"": 0.712402, ""bbox"": [254, 100, 277, 149]}]"
1131,"[{""class_id"": 0, ""class_name"": ""Cyclist"", ""track_id"": ""4"", ""confidence"": 0.708496, ""bbox"": [254, 104, 279, 154]}]"
1132,"[{""class_id"": 0, ""class_name"": ""Cyclist"", ""track_id"": ""4"", ""confidence"": 0.71875, ""bbox"": [255, 107, 280, 158]}]"
1133,"[{""class_id"": 0, ""class_name"": ""Cyclist"", ""track_id"": ""4"", ""confidence"": 0.712402, ""bbox"": [258, 110, 282, 160]}]"
1134,"[{""class_id"": 0, ""class_name"": ""Cyclist"", ""track_id"": ""4"", ""confidence"": null, ""bbox"": [259, 113, 283, 163]}]"
1135,"[{""class_id"": 0, ""class_name"": ""Cyclist"", ""track_id"": ""4"", ""confidence"": 0.729004, ""bbox"": [260, 116, 286, 170]}]"
1136,"[{""class_id"": 0, ""class_name"": ""Cyclist"", ""track_id"": ""4"", ""confidence"": 0.765625, ""bbox"": [261, 118, 290, 179]}]"
1137,"[{""class_id"": 0, ""class_name"": ""Cyclist"", ""track_id"": ""4"", ""confidence"": 0.750488, ""bbox"": [263, 123, 292, 185]}]"
1138,"[{""class_id"": 0, ""class_name"": ""Cyclist"", ""track_id"": ""4"", ""confidence"": 0.75293, ""bbox"": [265, 128, 294, 191]}]"
1139,"[{""class_id"": 0, ""class_name"": ""Cyclist"", ""track_id"": ""4"", ""confidence"": 0.763672, ""bbox"": [267, 131, 295, 192]}]"
1140,"[{""class_id"": 0, ""class_name"": ""Cyclist"", ""track_id"": ""4"", ""confidence"": 0.75293, ""bbox"": [268, 136, 296, 196]}]"
1141,"[{""class_id"": 0, ""class_name"": ""Cyclist"", ""track_id"": ""4"", ""confidence"": 0.739258, ""bbox"": [269, 141, 299, 206]}]"
1142,"[{""class_id"": 0, ""class_name"": ""Cyclist"", ""track_id"": ""4"", ""confidence"": 0.749512, ""bbox"": [272, 147, 302, 214]}]"
1143,"[{""class_id"": 0, ""class_name"": ""Cyclist"", ""track_id"": ""4"", ""confidence"": 0.774414, ""bbox"": [274, 152, 305, 222]}]"
1144,"[{""class_id"": 0, ""class_name"": ""Cyclist"", ""track_id"": ""4"", ""confidence"": 0.791016, ""bbox"": [276, 159, 306, 227]}]"
1145,"[{""class_id"": 0, ""class_name"": ""Cyclist"", ""track_id"": ""4"", ""confidence"": 0.774902, ""bbox"": [277, 165, 309, 238]}]"
1146,"[{""class_id"": 0, ""class_name"": ""Cyclist"", ""track_id"": ""4"", ""confidence"": 0.769043, ""bbox"": [279, 173, 313, 249]}]"
1147,"[{""class_id"": 0, ""class_name"": ""Cyclist"", ""track_id"": ""4"", ""confidence"": 0.774902, ""bbox"": [282, 181, 317, 262]}]"
1148,"[{""class_id"": 0, ""class_name"": ""Cyclist"", ""track_id"": ""4"", ""confidence"": 0.800293, ""bbox"": [283, 190, 322, 280]}]"
1149,"[{""class_id"": 0, ""class_name"": ""Cyclist"", ""track_id"": ""4"", ""confidence"": 0.794434, ""bbox"": [284, 200, 326, 297]}]"
1150,"[{""class_id"": 0, ""class_name"": ""Cyclist"", ""track_id"": ""4"", ""confidence"": 0.80127, ""bbox"": [287, 210, 330, 313]}]"
1151,"[{""class_id"": 0, ""class_name"": ""Cyclist"", ""track_id"": ""4"", ""confidence"": 0.797852, ""bbox"": [290, 223, 335, 329]}]"
1152,"[{""class_id"": 0, ""class_name"": ""Cyclist"", ""track_id"": ""4"", ""confidence"": 0.819336, ""bbox"": [295, 238, 341, 348]}]"
1153,"[{""class_id"": 0, ""class_name"": ""Cyclist"", ""track_id"": ""4"", ""confidence"": 0.80957, ""bbox"": [300, 255, 347, 368]}]"
1154,"[{""class_id"": 0, ""class_name"": ""Cyclist"", ""track_id"": ""4"", ""confidence"": 0.814941, ""bbox"": [307, 275, 355, 391]}]"
1155,"[{""class_id"": 0, ""class_name"": ""Cyclist"", ""track_id"": ""4"", ""confidence"": 0.798828, ""bbox"": [313, 296, 362, 415]}]"
1156,"[{""class_id"": 0, ""class_name"": ""Cyclist"", ""track_id"": ""4"", ""confidence"": 0.789551, ""bbox"": [320, 317, 372, 441]}]"
1157,"[{""class_id"": 0, ""class_name"": ""Cyclist"", ""track_id"": ""4"", ""confidence"": 0.76709, ""bbox"": [330, 341, 383, 466]}]"
1158,"[{""class_id"": 0, ""class_name"": ""Cyclist"", ""track_id"": ""4"", ""confidence"": 0.806641, ""bbox"": [342, 370, 391, 479]}]"
1159,"[{""class_id"": 0, ""class_name"": ""Cyclist"", ""track_id"": ""4"", ""confidence"": null, ""bbox"": [347, 383, 396, 494]}]"
1160,"[{""class_id"": 0, ""class_name"": ""Cyclist"", ""track_id"": ""4"", ""confidence"": null, ""bbox"": [351, 397, 401, 509]}]"
1161,"[{""class_id"": 0, ""class_name"": ""Cyclist"", ""track_id"": ""4"", ""confidence"": null, ""bbox"": [356, 410, 406, 523]}]"
1162,"[{""class_id"": 0, ""class_name"": ""Cyclist"", ""track_id"": ""4"", ""confidence"": null, ""bbox"": [360, 423, 411, 538]}]"
1163,"[{""class_id"": 0, ""class_name"": ""Cyclist"", ""track_id"": ""4"", ""confidence"": null, ""bbox"": [365, 436, 416, 553]}]"
1164,"[{""class_id"": 0, ""class_name"": ""Cyclist"", ""track_id"": ""4"", ""confidence"": null, ""bbox"": [369, 449, 422, 567]}]"
1165,"[{""class_id"": 0, ""class_name"": ""Cyclist"", ""track_id"": ""4"", ""confidence"": null, ""bbox"": [374, 463, 427, 582]}]"
1166,"[{""class_id"": 0, ""class_name"": ""Cyclist"", ""track_id"": ""4"", ""confidence"": null, ""bbox"": [378, 476, 432, 597]}]"
1167,"[{""class_id"": 0, ""class_name"": ""Cyclist"", ""track_id"": ""4"", ""confidence"": null, ""bbox"": [383, 489, 437, 611]}]"
1168,"[{""class_id"": 0, ""class_name"": ""Cyclist"", ""track_id"": ""4"", ""confidence"": null, ""bbox"": [387, 502, 442, 626]}]"
1169,[]
1170,[]
1171,[]
1172,[]
1173,[]
1174,[]
1175,[]
1176,[]
1177,[]
1178,[]
1179,[]
1180,[]
1181,[]
1182,[]
1183,[]
1184,[]
1185,[]
1186,[]
1187,[]
1188,[]
1189,[]
1190,[]
1191,[]
1192,[]
1193,[]
1194,[]
1195,[]
1196,[]
